107902
107905
107908
107909
107914
107923
107924
107928
107931
107933
107934
107937
107939
107941
107942
107946
107951
107953
107955
107961
107964
107965
107967
107968
107970
107971
107975
107978
107980
107984
107986
107991
107993
107994
107996
107997
1159261
1159264
1159266
1159268
1159269
1159271
1159275
1159279
1159281
1159282
1159284
1159285
1159292
1159295
1159297
1159298
1159299
1159306
1159312
1159313
1159315
1159316
1159317
1159318
1159319
1159322
1159323
1159324
1159325
1159327
1159329
1159330
1159332
1159333
1159334
1159335
1159341
1159346
1159347
1159350
1159351
1159353
1159359
1159365
1159366
1159367
1159368
1159370
1159371
1159374
1159375
1159380
1159381
1159386
1159392
1159393
1159397
1159398
1159403
1159405
1159407
1159408
1159411
1159412
1159417
1159418
1159419
1159420
1159424
1159425
1159427
1159428
1159431
1159432
1159434
1159439
1159440
1159441
1159444
1159445
1159446
1159447
1159448
1159450
1159451
1159452
1159453
1159457
1159461
1159462
1159463
1159465
1159468
1159469
1159470
1159472
1159474
1159476
1159482
1159486
1159487
1159489
1159491
1159492
1159495
1159496
1159497
1159498
1159502
1159506
1159507
1159508
1159514
1159515
1159518
1159519
1159520
1159521
1159523
1159529
1159530
1159531
1159535
1159537
1159541
1159544
1159545
1159546
1159549
1159550
1159552
1159553
1159555
1159562
1159563
1159570
1159572
1159573
1159574
1159575
1159576
1159577
1159580
1159583
1159587
1159590
1159591
1159592
1159595
1159596
1159599
1159606
1159608
1159609
1159610
1159612
1159613
1159616
1159620
1159621
1159622
1159623
1159624
1159627
1159628
1159629
1159634
1159635
1159637
1159640
1159641
1159642
1159650
1159656
1159657
1159661
1159663
1159665
1159667
1159669
1159675
1159677
1159680
1159681
1159683
1159684
1159687
1159688
1159689
1159692
1159698
1159706
1159709
1159710
1159718
1159719
1159724
1159725
1159727
1159729
1159732
1159735
1159736
1159737
1159741
1159742
1159743
1159745
1159749
1159756
1159758
1159761
1159762
1159763
1159768
1159769
1159775
1159776
1159777
1159779
1159780
1159781
1159784
1159789
1159790
1159792
1159796
1159797
1159798
1159807
1159808
1159809
1159812
1159815
1159817
1159819
1159820
1159823
1159826
1159828
1159829
1159832
1159834
1159836
1159837
1159838
1159844
1159847
1159848
1159851
1159852
1159853
1159854
1159855
1159864
1159866
1159868
1159869
1159870
1159879
1159882
1159884
1159887
1159888
1159896
1159897
1159899
1159903
1159904
1159907
1159909
1159910
1159916
1159917
1159921
1159922
1159925
1159926
1159929
1159930
1159932
1159933
1159935
1159937
1159941
1159942
1159945
1159946
1159947
1159950
1159951
1159952
1159953
1159955
1159956
1159957
1159962
1159964
1159965
1159966
1159967
1159969
1159972
1159974
1159975
1159976
1159977
1159978
1159979
1159984
1159985
1159986
1159987
1159989
1159990
1159991
1159996
1159998
1160002
1160003
1160004
1160007
1160012
1160017
1160019
1160020
1160021
1160024
1160026
1160027
1160029
1160030
1160031
1160032
1160037
1160041
1160045
1160050
1160052
1160054
1160055
1160057
1160062
1160065
1160066
1160072
1160075
1160079
1160083
1160084
1160085
1160087
1160092
1160093
1160097
1160101
1160102
1160108
1160109
1160110
1160113
1160125
1160126
1160127
1160128
1160129
1160131
1160133
1160136
1160138
1160140
1160141
1160145
1160146
1160149
1160151
1160152
1160155
1160156
1160158
1160160
1160163
1160165
1160166
1160167
1160168
1160169
1160174
1160176
1160178
1160183
1160184
1160185
1160186
1160188
1160189
1160190
1160196
1160201
1160203
1160204
1160206
1160211
1160217
1160222
1160226
1160227
1160228
1160229
1160233
1160236
1160237
1160238
1160244
1160246
1160247
1160251
1160253
1160254
1160256
150259
150261
150262
150264
150265
150268
150270
150272
150273
150274
150276
150277
150278
150280
150282
150288
150290
150291
150293
150294
150296
150297
150299
150300
150301
150303
150305
150307
150308
150309
150311
150312
150313
150324
150325
150326
150329
150330
150337
150338
150349
150356
150361
150366
150372
150373
150378
150379
150380
150381
150383
150386
150390
150391
150392
150393
150394
150396
150400
150403
150404
150408
150412
150414
150416
150422
150430
150432
150436
150438
150439
150440
150443
150450
150453
150458
150463
150467
150470
150478
150481
150482
150485
150486
150487
150488
150493
150494
150496
150505
150508
150509
150512
150520
150522
150527
150528
150530
150535
150536
150537
150538
150539
150543
150544
150546
150548
150549
150550
150551
150553
150556
1591768
1591769
1591770
1591772
1591775
1591779
1591781
1591782
1591786
1591788
1591790
1591794
1591796
1591797
1591798
1591802
1591804
1591806
1591808
1591809
1591810
1591813
1591817
1591818
1591821
1591823
1591825
1591833
1591835
1591837
1591838
1591841
1591842
1591843
1591845
1591851
1591853
1591854
1591855
1591856
1591858
1591859
1591860
1591866
1591869
1591872
1591874
1591876
1591879
1591880
1591881
1591883
1591884
1591887
1591888
1591890
1591894
1591897
1591900
1591901
1591902
1591903
1591904
1591906
1591909
1591910
1591913
1591916
1591918
1591920
1591921
1591922
1591925
1591926
1591932
1591934
1591936
1591937
1591941
1591945
1591946
1591951
1591954
1591958
1591961
1591962
1591963
1591965
1591966
1591971
1591973
1591974
1591975
1591977
1591979
1591982
1591983
1591987
1591990
1591991
1591994
1591995
1591998
1592001
1592003
1592008
1592009
1592011
1592013
1592015
1592017
1592019
1592020
1592022
1592024
1592025
1592026
1592027
1592028
1592032
1592033
1592038
1592042
1592043
1592044
1592047
1592048
1592050
1592052
1592054
1592055
1592062
1592063
1592064
1592067
1592068
1592076
1592077
1592079
1592081
1592083
1592084
1592090
1592092
1592093
1592094
1592096
1592098
1592099
1592101
1592105
1592106
1592107
1592109
1592111
1592115
1592116
1592117
1592118
1592119
1592122
1592123
1592126
1592127
1592128
1592129
1592133
1592135
1592137
1592141
1592145
1592148
1592149
1592161
1592163
1592164
1592165
1592170
1592171
1592172
1592173
1592174
1592176
1592179
1592182
1592183
1592184
1592186
1592189
1592191
1592193
1592199
1592201
1592206
1592209
1592210
1592211
1592213
1592220
1592223
1592226
1592230
1592232
1592233
1592234
1592237
1592239
1592240
1592241
1592242
1592243
1592249
1592250
1592251
1592252
1592256
1592260
1592269
1592270
1592274
1592279
1592283
1592285
1592286
1592289
1592290
1592292
1592293
1592295
1592296
1592298
1592300
1592303
1592305
1592307
1592308
1592310
1592311
1592312
1592313
1592316
1592317
1592319
1592324
1592328
1592333
1592336
1592339
1592342
1592346
1592350
1592351
1592352
1592354
1592355
1592356
1592357
1592360
1592362
1592367
1592368
1592370
1592371
1592372
1592373
1592375
1592376
1592377
1592378
1592379
1592382
1592386
1592389
1592391
1592394
1592395
1592397
1592399
1592401
1592402
1592403
1592405
1592407
1592410
1592411
1592413
1592415
1592418
1592419
1592420
1592423
1592427
1592429
1592431
1592436
1592442
1592443
1592446
1592447
1592449
1592454
1592459
1592460
1592462
1592464
1592466
1592469
1592470
1592472
1592474
1592476
1592478
1592479
1592480
1592481
1592482
1592484
1592488
1592489
1592490
1592498
1592499
1592500
1592501
1592503
1592506
1592508
1592509
1592510
1592511
1592515
1592517
1592519
1592520
1592523
1592526
1592532
1592539
1592540
1592541
1592547
1592549
1592550
1592552
1592553
1592554
1592555
1592559
1592561
1592563
1592566
1592567
1592568
1592569
1592570
1592573
1592574
1592576
1592577
1592580
1592581
1592583
1592595
1592597
1592599
1592600
1592601
1592602
1592605
1592606
1592607
1592608
1592609
1592612
1592615
1592616
1592619
1592621
1592625
1592626
1592627
1592631
1592633
1592635
1592638
1592640
1592647
1592648
1592652
1592656
1592657
1592659
1592661
1592662
1592664
1592666
1592669
1592675
1592679
1592680
1592681
1592682
1592683
1592685
1592689
1592691
1592693
1592695
1592696
1592697
1592699
1592700
1592703
1592708
1592709
1592710
1592712
1592715
1592717
1592718
1592721
1592724
1592725
1592727
1592728
1592729
1592730
1592731
1592735
1592740
1592741
1592742
1592745
1592746
1592747
1592749
1592750
1592754
1592758
1592759
1592762
1592764
1592773
1592774
1592776
1592779
1592780
1592781
1592782
1592787
1592791
1592792
1592793
1592796
1592799
1592803
1592804
1592805
1592806
1592807
1592809
1592811
1592812
1592813
1592816
1592817
1592818
1592824
1592827
1592831
1592832
1592833
1592836
1592838
1592839
1592840
1592842
1592843
1592844
1592845
1592846
1592850
1592851
1592852
1592855
1592856
1592857
1592860
1592861
1592863
1592865
1592869
1592870
1592871
1592873
1592874
1592878
1592880
1592888
1592890
1592892
1592895
1592902
1592903
1592904
1592906
1592907
1592908
1592909
1592910
1592913
1592914
1592921
1592923
1592926
1592927
1592929
1592933
1592934
1592936
1592938
1592939
1592940
1592943
1592946
1592948
1592950
1592951
1592953
1592955
1592956
1592959
1592964
1592966
1592967
1592970
1592971
1592972
1592973
1592974
1592975
1592976
1592977
1592978
1592980
1592982
1592983
1592984
1592986
1592989
1592990
1592991
1592992
1592996
1592999
1593002
1593005
1593006
1593010
1593015
1593024
1593025
1593032
1593033
1593035
1593037
1593038
1593040
1593041
1593043
1593045
1593046
1593047
1593050
1593053
1593056
1593059
1593063
1593065
1593068
1593073
1593074
1593077
1593080
1593083
1593084
1593086
1593091
1593093
1593098
1593101
1593102
1593104
1593105
1593108
1593110
1593111
1593112
1593115
1593120
1593123
1593126
1593127
1593129
1593135
1593136
1593142
1593143
1593144
1593146
1593147
1593150
1593151
1593153
1593154
1593155
1593156
1593158
1593161
1593163
1593164
1593165
1593167
1593168
1593171
1593173
1593174
1593178
1593182
1593184
1593189
1593190
1593191
1593192
1593194
1593200
1593202
1593203
1593204
1593205
1593207
1593211
1593213
1593220
1593221
1593223
1593224
1593225
1593226
1593227
1593238
1593240
1593241
1593244
1593246
1593247
1593253
1593254
1593256
1593260
1593261
1593265
1593267
2315353
2315356
2315357
2315358
2315359
2315360
2315361
2315363
2315364
2315367
2315370
2315371
2315373
2315374
2315377
2315379
2315382
2315388
2315392
2315393
2315394
2315397
2315398
2315400
2315406
2315408
2315410
2315411
2315414
2315415
2315419
2315420
2315421
2315422
2315423
2315424
2315429
2315430
2315431
2315433
2315434
2315436
2315439
2315445
2315446
2315448
2315450
2315451
2315452
2315455
2315457
2315465
2315468
2315470
2315472
2315473
2315479
2315480
2315486
2315490
2315491
2315493
2315509
2315510
2315518
2315521
2315527
2315528
2315531
2315535
2315536
2315538
2315543
2315546
2315550
2315551
2315554
2315558
2315559
2315564
2315566
2315567
2315570
2315572
2315573
2315577
2315582
2315583
2315587
2315589
2315592
2315593
2315594
2315596
2315597
2315601
2315605
2315607
2315608
2315611
2315612
2315618
2315624
2315625
2315626
2315628
2315629
2315630
2315636
2315639
2315642
2315644
2315646
2315647
2315648
2315652
2315653
2315657
2315658
2315661
2315663
2315664
2315668
2315673
2315675
2315682
2315683
2315685
2315686
2315688
2315690
2315691
2315692
2315694
2315696
2315699
2315701
2315705
2315714
2315715
2315716
2315723
2315725
2315727
2315731
2315736
2315743
2315745
2315748
2315750
2315756
2315757
2315758
2315760
2315761
2315763
2315764
2315769
2315770
2315771
2315773
2315778
2315779
2315783
2315790
2315791
2315792
2315793
2315797
2315799
2315800
2315801
2315808
2315816
2315817
2315818
2315823
2315825
2315826
2315827
2315829
2315830
2315833
2315834
2315835
2315837
2315838
2315840
2315842
2315844
2315847
2315851
2315854
2315857
2315858
2315859
2315860
2315862
2315865
2315866
2315872
2315873
2315875
2315880
2315881
2315883
2315885
2315887
2315888
2315889
2315893
2315899
2315901
2315907
2315909
2315911
2315912
2315916
2315917
2315920
2315923
2315925
2315928
2315930
2315933
2315941
2315943
2315944
2315946
2315948
2315949
2315950
2315952
2315953
2315954
2315955
2315959
2315963
2315967
2315968
2315971
2315972
2315973
2315974
2315978
2315979
2315980
2315984
2315987
2315990
2315993
2315994
2315995
2315997
2316000
2316004
2316006
2316009
2316010
2316015
2316017
2316018
2316019
2316021
2316022
2316023
2316030
2316031
2316032
2316033
2316038
2316040
2316043
2316045
2316046
2316047
2316052
2316054
2316055
2316056
2316066
2316070
2316072
2316074
2316075
2316079
2316082
2316084
2316086
2316089
2316090
2316091
2316092
2316094
2316095
2316098
2316099
2316101
2316107
2316108
2316113
2316123
2316124
2316129
2316130
2316131
2316133
2316134
2316136
2316138
2316140
2316143
2316144
2316148
2316149
2316151
2316155
2316158
2316159
2316161
2316163
2316166
2316168
2316169
2316170
2316171
2316174
2316176
2316179
2316180
2316181
2316182
2316185
2316187
2316190
2316194
2316199
2316200
2316203
2316204
2316205
2316211
2316213
2316214
2316220
2316223
2316226
2316227
2316229
2316231
2316233
2316235
2316237
2316242
2316243
2316251
2316254
2316257
2316258
2316259
2316260
2316261
2316263
2316265
2316267
2316268
2316269
2316274
2316275
2316279
2316282
2316285
2316286
2316289
2316290
2316291
2316292
2316293
2316296
2316297
2316298
2316301
2316303
2316304
2316305
2316307
2316318
2316323
2316324
2316326
2316328
2316341
2316342
2316343
2316345
2316347
2316350
2316352
2316355
2316357
2316360
2316366
2316369
2316371
2316372
2316374
2316376
2316384
2316385
2316389
2316391
2316392
2316393
2316395
2316400
2316406
2316421
2316428
2316434
2316439
2316440
2316442
2316443
2316453
2316455
2316457
2316460
2316462
2316464
2316470
2316473
2316474
2316479
2316480
2316483
2316484
2316487
2316490
2316491
2316493
2316495
2316497
2316499
2316502
2316507
2316508
2316509
2316511
2316514
2316519
2316521
2316523
2316528
2316530
2316531
2316547
2316548
2316551
2316552
2316555
2316556
2316559
2316563
2316566
2316568
2316569
2316570
2316571
2316574
2316577
2316579
2316580
2316581
2316582
2316583
2316585
2316586
2316588
2316592
2316593
2316598
2316604
2316607
2316613
2316617
2316618
2316622
2316624
2316625
2316627
2316632
2316634
2316639
2316642
2316643
2316645
2316648
2316650
2316657
2316658
2316660
2316663
2316667
2316668
2316671
2316674
2316675
2316676
2316680
2316686
2316689
2316691
2316692
2316699
2316701
2316702
2316704
2316706
2316709
2316711
2316713
2316717
2316718
2316721
2316726
2316727
2316728
2316729
2316730
2316732
2316733
2316738
2316739
2316744
2316745
2316746
2316747
2316750
2316753
2316757
2316758
2316759
2316761
2316762
2316763
2316765
2316767
2316772
2316774
2316775
2316776
2316781
2316787
2316791
2316796
2316798
2316799
2316800
2316804
2316806
2316809
2316817
2316818
2316821
2316823
2316824
2316828
2316832
2316835
2316837
2316839
2316843
2316848
2316854
2316861
2316862
2316864
2316870
2316871
2316874
2316875
2316877
2316878
2316881
2316885
2316891
2316896
2316902
2316903
2316905
2316906
2316907
2316908
2316909
2316911
2316913
2316917
2316918
2316920
2316921
2316922
2316930
2316932
2316939
2316945
2316948
2316950
2316951
2316952
2316954
2316955
2316956
2316958
2316959
2316960
2316963
2316970
2316971
2316972
2316977
2316981
2316990
2316992
2316993
2316994
2316995
2316996
2316998
2317001
2317003
2317012
2317014
2317016
2317017
2317020
2317025
2317026
2317027
2317029
2317032
2317034
2317036
2317041
2317043
2317045
2317048
2317051
2317054
2317058
2317063
2317066
2317067
2317070
2317074
2317079
2317080
2317083
2317087
2317089
2317090
2317091
2317093
2317099
2317103
2317104
2317109
2317111
2317112
2317117
2317123
2317124
2317126
2317127
2317129
2317131
2317136
2317137
2317138
2317140
2317142
2317143
2317144
2317151
2317152
2317158
2317161
2317167
2317169
2317173
2317174
2317175
2317176
2317179
2317185
2317188
2317190
2317194
2317196
2317197
2317199
2317201
2317202
2317203
2317204
2317205
2317206
2317207
2317208
2317211
2317213
2317214
2317215
2317220
2317226
2317234
2317240
2317243
2317246
2317247
2317249
2317250
2317253
2317254
2317257
2317259
2317263
2317265
2317266
2317267
2317270
2317271
2317272
2317273
2317279
2317281
2317285
2317287
2317291
2317295
2317296
2317298
2317299
2317300
2317302
2317303
2317308
2317311
2317316
2317317
2317324
2317328
2317329
2317330
2317333
2317335
2317340
2317343
2317345
2317346
2317347
2317351
2317360
2317362
2317365
2317366
2317367
2317368
2317371
2317372
2317374
2317375
2317378
2317381
2317382
2317387
2317389
2317392
2317393
2317394
2317395
2317396
2317397
2317402
2317404
2317406
2317407
2317410
2317411
2317412
2317419
2317421
2317432
2317435
2317438
2317440
2317441
2317442
2317443
2317452
2317453
2317454
2317456
2317457
2317460
2317461
2317465
2317468
2317470
2317471
2317472
2317475
2317485
2317486
2317488
2317489
2317492
2317495
2317497
2317498
2317504
2317508
2317510
2317511
2317513
2317514
2317516
2317518
2317519
2317520
2317522
2317526
2317527
2317529
2317532
2317533
2317535
2317536
2317538
2317545
2317547
2317549
2317550
2317551
2317552
2317555
2317559
2317561
2317565
2317567
2317572
2317574
2317576
2317578
2317579
2317580
2317583
2317586
2317587
2317589
2317590
2317593
2317598
2317602
2317604
2317605
2317606
2317610
2317611
2317612
2317618
2317621
2317624
2317628
2317632
2317633
2317635
2317637
2317638
2317640
2317642
2317644
2317646
2317647
2317649
2317650
2317651
2317653
2317654
2317655
2317659
2317660
2317664
2317665
2317667
2317672
2317673
2317676
2317680
2317681
2317682
2317683
2317687
2317688
2317689
2317690
2317691
2317696
2317697
2317702
2317705
2317706
2317710
2317716
2317719
2317722
2317727
2317728
2317729
2317731
2317734
2317735
2317742
2317743
2317746
2317748
2317750
2317752
2317762
2317764
2317765
2317767
2317770
2317773
2317775
2317778
2317780
2317781
2317784
2317787
2317789
2317790
2317792
2317795
2317799
2317805
2317806
2317808
2317809
2317811
2317813
2317816
2317818
2317823
2317825
2317827
2317830
2317838
2317841
2317846
2317850
2317854
2317857
2317859
2317864
2317867
2317868
2317871
2317872
2317877
2317879
2317880
2317881
2317885
2317893
2317894
2317895
2317896
2317898
2317899
2317901
2317903
2317908
2317909
2317912
2317914
2317916
2317918
2317921
2317922
2317924
2317925
2317926
2317935
2317940
2317941
2317945
2317947
2317948
2317951
2317953
2317954
2317955
2317956
2317957
2317958
2317960
2317962
2317964
2317965
2317973
2317975
2317980
2317983
2317984
2317987
2317989
2317991
2317993
2317996
2317997
2317998
2318000
2318001
2318004
2318006
2318008
2318014
2318025
2318026
2318028
2318030
2318033
2318034
2318035
2318036
2318037
2318040
2318041
2318042
2318051
2318052
2318053
2318057
2318061
2318063
2318065
2318066
2318070
2318074
2318076
2318081
2318086
2318087
2318091
2318092
2318093
2318094
2318097
2318099
2318101
2318102
2318103
2318105
2318106
2318109
2318110
2318117
2318119
2318120
2318121
2318122
2318123
2318134
2318138
2318140
2318141
2318147
2318151
2318152
2318153
2318154
2318156
2318159
2318160
2318161
2318168
2318172
2318175
2318178
2318179
2318182
2318183
2318187
2318190
2318191
2318194
2318195
2318197
2318210
2318218
2318219
2318221
2318222
2318223
2318225
2318228
2318234
2318235
2318236
2318245
2318246
2318249
2318252
2318253
2318254
2318255
2318257
2318267
2318268
2318269
2318271
2318272
2318273
2318277
2318279
2318280
2318285
2318287
2318288
2318294
2318295
2318297
2318300
2318301
2318302
2318303
2318304
2318306
2318308
2318314
2318315
2318322
2318323
2318324
2318325
2318326
2318327
2318331
2318333
2318334
2318335
2318336
2318337
2318338
2318342
2318348
2318352
2318355
2318359
2318361
2318362
2318363
2318369
2318370
2318374
2318375
2318376
2318377
2318378
2318382
2318384
2318386
2318388
2318390
2318399
2318400
2318401
2318405
2318406
2318412
2318419
2318421
2318424
2318425
2318427
2318428
2318429
2318430
2318431
2318435
2318437
2318441
2318446
2318451
2318456
2318457
2318466
2318467
2318470
2318472
2318475
2318476
2318478
2318479
2318483
2318487
2318495
2318496
2318497
2318498
2318499
2318502
2318503
2318504
2318505
2318511
2318512
2318515
2318516
2318519
2318522
2318525
2318528
2318530
2318532
2318535
2318537
2318539
2318540
2318545
2318549
2318554
2318556
2318557
2318560
2318563
2318565
2318566
2318570
2318573
2318574
2318575
2318577
2318578
2318579
2318585
2318593
2318597
2318599
2318601
2318606
2318607
2318609
2318610
2318611
2318614
2318618
2318621
2318628
2318638
2318642
2318646
2318647
2318650
2318653
2318656
2318659
2318663
2318665
2318667
2318668
2318677
2318678
2318680
2318682
2318684
2318685
2318689
2318691
2318693
2318701
2318702
2318704
2318705
2318706
2318708
2318709
2318711
2318715
2318716
2318724
2318726
2318727
2318728
2318729
2318730
2318734
2318735
2318737
2318739
2318742
2318743
2318744
2318748
2318749
2318750
2318752
2318753
2318754
2318758
2318761
2318762
2318767
2318770
2318771
2318773
2318775
2318776
2318777
2318779
2318782
2318785
2318789
2318791
2318793
2318794
2318797
2318807
2318808
2318812
2318813
2318814
2318817
2318818
2318819
2318820
2318822
2318823
2318824
2318830
2318833
2318836
2318837
2318844
2318847
2318849
2318852
2318854
2318856
2318860
2318864
2318865
2318866
2318867
2318868
2318870
2318871
2318872
2318873
2318874
2318875
2318879
2318882
2318884
2318889
2318891
2318892
2318894
2318896
2318897
2318898
2318899
2318900
2318901
2318902
2318903
2318906
2318908
2318910
2318920
2318921
2318922
2318923
2318924
2318925
2318927
2318930
2318932
2318934
2318935
2318936
2318937
2318938
2318942
2318945
2318946
2318956
2318959
2318965
2318969
2318971
2318973
2318974
2318978
2318981
2318984
2318985
2318987
2318988
2318990
2318993
2318994
2318996
2318999
2319003
2319004
2319008
2319016
2319024
2319027
2319030
2319032
2319033
2319036
2319037
2319046
2319050
2319055
2319056
2319058
2319059
2319060
2319062
2319064
2319065
2319067
2319068
2319069
2319070
2319073
2319074
2319075
2319077
2319084
2319085
2319087
2319090
2319091
2319095
2319101
2319104
2319105
2319106
2319107
2319111
2319113
2319114
2319115
2319118
2319119
2319121
2319125
2319126
2319127
2319130
2319132
2319135
2319136
2319137
2319138
2319139
2319142
2319143
2319146
2319147
2319152
2319153
2319154
2319155
2319157
2319161
2319166
2319169
2319171
2319173
2319175
2319178
2319180
2319181
2319182
2319183
2319188
2319191
2319192
2319194
2319198
2319200
2319201
2319202
2319204
2319207
2319210
2319211
2319214
2319215
2319218
2319222
2319223
2319227
2319229
2319230
2319236
2319238
2319239
2319240
2319241
2319245
2319248
2319250
2319251
2319253
2319256
2319259
2319260
2319262
2319265
2319270
2319271
2319274
2319282
2319285
2319286
2319297
2319299
2319303
2319309
2319310
2319316
2319317
2319320
2319321
2319323
2319325
2319326
2319327
2319328
2319331
2319337
2319338
2319340
2319349
2319351
2319352
2319353
2319354
2319359
2319360
2319363
2319364
2319367
2319368
2319373
2319374
2319375
2319377
2319380
2319381
2319382
2319383
2319386
2319389
2319392
2319394
2319399
2319402
2319405
2319407
2319409
2319414
2319416
2319418
2319419
2319421
2319424
2319426
2319429
2319432
2319434
2319435
2319438
2319439
2319442
2319443
2319444
2319445
2319446
2319447
2319449
2319454
2319455
2319456
2319458
2319461
2319462
2319464
2319467
2319469
2319470
2319471
2319472
2319473
2319474
2319475
2319477
2319479
2319480
2319482
2319483
2319488
2319489
2319492
2319493
2319495
2319500
2319501
2319502
2319504
2319505
2319507
2319510
2319511
2319512
2319513
2319515
2319516
2319517
2319519
2319520
2319522
2319526
2319527
2319535
2319538
2319544
2319549
2319551
2319556
2319557
2319560
2319562
2319567
2319571
2319572
2319574
2319577
2319578
2319581
2319582
2319583
2319586
2319588
2319589
2319590
2319591
2319592
2319593
2319594
2319595
2319596
2319597
2319602
2319605
2319606
2319611
2319615
2319616
2319618
2319627
2319629
2319634
2319638
2319645
2319648
2319650
2319651
2319653
2319656
2319657
2319659
2319661
2319662
2319665
2319666
2319667
2319671
2319674
2319677
2319678
2319683
2319684
2319688
2319691
2319692
2319697
2319698
2319699
2319701
2319703
2319704
2319705
2319708
2319709
2319711
2319715
2319720
2319724
2319727
2319734
2319735
2319736
2319740
2319746
2319747
2319748
2319752
2319755
2319759
2319765
2319768
2319769
2319771
2319772
2319775
2319776
2319781
2319782
2319785
2319794
2319800
2319804
2319805
2319808
2319809
2319810
2319811
2319813
2319817
2319819
2319821
2319825
2319832
2319834
2319835
2319836
2319839
2319840
2319842
2319844
2319845
2319847
2319849
2319850
2319851
2319852
2319854
2319856
2319858
2319866
2319867
2319872
2319876
2319878
2319880
2319881
2319884
2319885
2319889
2319892
2319895
2319899
2319901
2319902
2319903
2319904
2319905
2319906
2319908
2319910
2319912
2319921
2319922
2319923
2319925
2319928
2319929
2319934
2319935
2319936
2319939
2319943
2319945
2319948
2319950
2319951
2319953
2319954
2319957
2319958
2319960
2319966
2319970
2319972
2319975
2319977
2319981
2319982
2319984
2319989
2319991
2319992
2319993
2319994
2319995
2319998
2319999
2320000
2320002
2320003
2320006
2320007
2320010
2320011
2320012
2320015
2320023
2320024
2320026
2320027
2320028
2320035
2320037
2320040
2320041
2320042
2320044
2320045
2320047
2320053
2320056
2320061
2320066
2320067
2320068
2320071
2320072
2320074
2320075
2320077
2320082
2320084
2320085
2320087
2320089
2320094
2320097
2320103
2320109
2320112
2320113
2320117
2320120
2320123
2320124
2320125
2320129
2320133
2320138
2320150
2320151
2320155
2320160
2320166
2320167
2320168
2320171
2320175
2320177
2320180
2320182
2320183
2320187
2320190
2320191
2320195
2320196
2320197
2320200
2320201
2320205
2320206
2320219
2320227
2320230
2320234
2320238
2320242
2320243
2320244
2320248
2320251
2320252
2320254
2320256
2320257
2320258
2320259
2320260
2320261
2320263
2320264
2320265
2320266
2320268
2320269
2320270
2320271
2320276
2320277
2320278
2320280
2320283
2320286
2320289
2320290
2320291
2320293
2320295
2320302
2320303
2320304
2320305
2320311
2320314
2320319
2320320
2320323
2320324
2320325
2320326
2320327
2320335
2320343
2320348
2320349
2320350
2320353
2320366
2320369
2320371
2320375
2320378
2320381
2320382
2320383
2320386
2320387
2320391
2320393
2320394
2320396
2320401
2320402
2320403
2320406
2320412
2320413
2320418
2320419
2320420
2320421
2320422
2320425
2320429
2320433
2320437
2320438
2320440
2320445
2320446
2320448
2320455
2320456
2320457
2320458
2320460
2320461
2320464
2320465
2320466
2320469
2320470
2320474
2320476
2320478
2320482
2320486
2320488
2320492
2320495
2320496
2320502
2320510
2320519
2320520
2320525
2320528
2320530
2320531
2320535
2320543
2320546
2320548
2320549
2320550
2320553
2320558
2320561
2320565
2320566
2320567
2320569
2320577
2320578
2320579
2320580
2320583
2320584
2320587
2320591
2320595
2320597
2320598
2320600
2320603
2320604
2320609
2320610
2320611
2320612
2320614
2320615
2320616
2320617
2320619
2320621
2320625
2320628
2320631
2320633
2320635
2320636
2320638
2320644
2320645
2320656
2320657
2320658
2320659
2320661
2320666
2320668
2320669
2320670
2320671
2320672
2320674
2320677
2320679
2320680
2320681
2320683
2320685
2320686
2320687
2320691
2320695
2320696
2320698
2320699
2320703
2320704
2320707
2320711
2320712
2320714
2320719
2320722
2320725
2320726
2320729
2320730
2320732
2320733
2320734
2320735
2320737
2320740
2320744
2320747
2320748
2320749
2320752
2320755
2320756
2320757
2320758
2320759
2320760
2320762
2320770
2320774
2320775
2320779
2320780
2320781
2320782
2320790
2320791
2320793
2320794
2320796
2320797
2320800
2320802
2320803
2320804
2320806
2320813
2320816
2320820
2320822
2320824
2320825
2320826
2320828
2320829
2320831
2320832
2320833
2320834
2320835
2320839
2320840
2320843
2320845
2320846
2320847
2320848
2320850
2320851
2320857
2320858
2320859
2320860
2320862
2320863
2320864
2320867
2320869
2320871
2320874
2320875
2320877
2320886
2320887
2320889
2320891
2320892
2320894
2320897
2320898
2320899
2320901
2320904
2320905
2320907
2320908
2320910
2320913
2320916
2320917
2320922
2320924
2320925
2320926
2320938
2320941
2320945
2320948
2320951
2320955
2320958
2320959
2320960
2320962
2320969
2320970
2320971
2320974
2320975
2320976
2320978
2320979
2320981
2320982
2320985
2320987
2320989
2320993
2320995
2320996
2320997
2320998
2321002
2321003
2321005
2321011
2321019
2321020
2321021
2321024
2321027
2321028
2321034
2321036
2321041
2321043
2321046
2321047
2321053
2321055
2321056
2321058
2321059
2321063
2321065
2321067
2321069
2321070
2321074
2321076
2321081
2321082
2321083
2321086
2321089
2321091
2321092
2321096
2321098
2321101
2321102
2321103
2321104
2321106
2321107
2321108
2321113
2321115
2321117
2321120
2321121
2321126
2321133
2321136
2321141
2321142
2321148
2321150
2321157
2321158
2321159
2321160
2321161
2321163
2321164
2321165
2321170
2321172
2321173
2321175
2321176
2321179
2321180
2321185
2321187
2321188
2321190
2321191
2321198
2321205
2321213
2321216
2321218
2321224
2321225
2321226
2321227
2321229
2321233
2321235
2321237
2321238
2321239
2321240
2321241
2321243
2321248
2321252
2321258
2321259
2321261
2321263
2321265
2321268
2321270
2321272
2321274
2321275
2321276
2321277
2321283
2321286
2321288
2321290
2321294
2321297
2321300
2321301
2321302
2321314
2321316
2321320
2321322
2321323
2321328
2321329
2321331
2321332
2321334
2321335
2321336
2321343
2321349
2321351
2321355
2321356
2321361
2321364
2321375
2321376
2321378
2321380
2321381
2321386
2321388
2321390
2321391
2321394
2321397
2321400
2321405
2321410
2321417
2321419
2321420
2321421
2321426
2321427
2321428
2321434
2321435
2321438
2321440
2321443
2321444
2321445
2321448
2321453
2321454
2321456
2321458
2321461
2321462
2321466
2321469
2321470
2321471
2321472
2321474
2321477
2321481
2321483
2321487
2321488
2321489
2321493
2321499
2321504
2321510
2321512
2321513
2321514
2321516
2321519
2321521
2321522
2321524
2321526
2321527
2321529
2321535
2321537
2321540
2321541
2321542
2321545
2321548
2321556
2321562
2321565
2321566
2321567
2321570
2321573
2321574
2321575
2321579
2321585
2321586
2321591
2321597
2321598
2321599
2321601
2321602
2321603
2321608
2321609
2321619
2321620
2321621
2321623
2321624
2321628
2321632
2321633
2321634
2321636
2321639
2321640
2321641
2321642
2321643
2321648
2321649
2321655
2321657
2321660
2321661
2321662
2321665
2321666
2321667
2321671
2321675
2321678
2321679
2321680
2321685
2321686
2321687
2321690
2321694
2321695
2321696
2321697
2321702
2321705
2321708
2321710
2321712
2321716
2321717
2321719
2321722
2321725
2321727
2321729
2321732
2321733
2321734
2321737
2321738
2321739
2321741
2321742
2321743
2321744
2321745
2321747
2321748
2321750
2321753
2321755
2321760
2321761
2321763
2321764
2321766
2321768
2321771
2321772
2321773
2321774
2321777
2321779
2321781
2321784
2321785
2321788
2321793
2321794
2321796
2321798
2321799
2321804
2321805
2321806
2321809
2321816
2321818
2321819
2321821
2321825
2321826
2321828
2321843
2321845
2321847
2321848
2321849
2321850
2321851
2321854
2321857
2321859
2321860
2321863
2321864
2321865
2321866
2321870
2321872
2321873
2321879
2321882
2321884
2321885
2321887
2321891
2321892
2321894
2321897
2321898
2321899
2321900
2321901
2321907
2321909
2321913
2321915
2321916
2321917
2321918
2321922
2321923
2321935
2321942
2321943
2321949
2321950
2321958
2321964
2321965
2321966
2321967
2321968
2321971
2321975
2321982
2321983
2321985
2321986
2321987
2321989
2321991
2321994
2321995
2321998
2321999
2322000
2322001
2322002
2322006
2322007
2322010
2322011
2322014
2322015
2322016
2322019
2322022
2322027
2322031
2322032
2322033
2322034
2322036
2322039
2322040
2322044
2322046
2322048
2322052
2322054
2322055
2322062
2322063
2322067
2322068
2322072
2322080
2322086
2322089
2322091
2322094
2322097
2322098
2322106
2322107
2322108
2322110
2322111
2322113
2322115
2322116
2322117
2322120
2322125
2322126
2322127
2322129
2322133
2322134
2322138
2322143
2322146
2322154
2322157
2322159
2322160
2322164
2322167
2322168
2322169
2322170
2322171
2322172
2322173
2322174
2322181
2322183
2322184
2322186
2322187
2322188
2322189
2322192
2322194
2322197
2322199
2322201
2322202
2322203
2322207
2322214
2322216
2322219
2322227
2322228
2322229
2322235
2322236
2322240
2322243
2322248
2322250
2322254
2322257
2322265
2322267
2322269
2322270
2322271
2322273
2322277
2322278
2322282
2322283
2322284
2322288
2322289
2322293
2322294
2322295
2322296
2322297
2322299
2322300
2322303
2322307
2322308
2322310
2322312
2322314
2322317
2322328
2322331
2322332
2322339
2322344
2322347
2322348
2322355
2322358
2322366
2322368
2322369
2322375
2322376
2322377
2322380
2322381
2322385
2322386
2322390
2322391
2322394
2322397
2322399
2322400
2322401
2322403
2322404
2322405
2322407
2322409
2322410
2322411
2322413
2322414
2322416
2322417
2322429
2322431
2322434
2322435
2322444
2322445
2322446
2322449
2322451
2322455
2322456
2322458
2322459
2322464
2322468
2322471
2322472
2322473
2322474
2322477
2322482
2322485
2322486
2322487
2322492
2322497
2322502
2322504
2322505
2322506
2322508
2322510
2322512
2322513
2322514
2322515
2322516
2322519
2322521
2322526
2322528
2322529
2322531
2322532
2322533
2322535
2322537
2322539
2322540
2322541
2322542
2322544
2322547
2322548
2322549
2322552
2322553
2322556
2322557
2322558
2322559
2322561
2322563
2322565
2322568
2322572
2322577
2322582
2322594
2322597
2322600
2322604
2322608
2322612
2322613
2322615
2322616
2322620
2322624
2322625
2322628
2322630
2322634
2322637
2322638
2322639
2322642
2322648
2322650
2322651
2322652
2322655
2322657
2322658
2322659
2322661
2322664
2322665
2322667
2322673
2322675
2322677
2322678
2322679
2322680
2322682
2322683
2322694
2322697
2322699
2322707
2322709
2322710
2322711
2322716
2322722
2322727
2322732
2322737
2322742
2322743
2322746
2322748
2322757
2322758
2322759
2322763
2322766
2322769
2322770
2322772
2322775
2322776
2322777
2322778
2322786
2322787
2322791
2322793
2322794
2322802
2322803
2322805
2322809
2322810
2322811
2322816
2322819
2322820
2322822
2322823
2322832
2322835
2322836
2322838
2322839
2322841
2322843
2322846
2322853
2322855
2322859
2322861
2322863
2322865
2322866
2322869
2322870
2322871
2322874
2322878
2322880
2322883
2322884
2322885
2322887
2322889
2322892
2322893
2322895
2322897
2322901
2322904
2322905
2322906
2322909
2322916
2322917
2322919
2322920
2322922
2322923
2322925
2322928
2322930
2322932
2322937
2322938
2322941
2322942
2322945
2322948
2322951
2322952
2322955
2322956
2322958
2322959
2322966
2322970
2322971
2322972
2322973
2322975
2322978
2322981
2322983
2322984
2322987
2322988
2322990
2322992
2322994
2322995
2322996
2323000
2323001
2323003
2323005
2323006
2323010
2323016
2323018
2323019
2323021
2323022
2323023
2323026
2323031
2323036
2323038
2323039
2323044
2323051
2323055
2323057
2323059
2323061
2323065
2323066
2323068
2323069
2323070
2323074
2323076
2323077
2323079
2323080
2323085
2323088
2323089
2323091
2323092
2323095
2323097
2323098
2323100
2323101
2323102
2323108
2323115
2323116
2323117
2323118
2323120
2323123
2323128
2323131
2323138
2323139
2323141
2323146
2323148
2323150
2323154
2323156
2323158
2323164
2323168
2323169
2323170
2323171
2323174
2323179
2323181
2323183
2323186
2323187
2323191
2323192
2323194
2323195
2323199
2323200
2323201
2323203
2323207
2323209
2323212
2323215
2323219
2323223
2323224
2323231
2323234
2323235
2323238
2323239
2323240
2323247
2323250
2323251
2323252
2323254
2323255
2323257
2323258
2323262
2323263
2323265
2323266
2323270
2323271
2323274
2323275
2323276
2323285
2323287
2323288
2323290
2323292
2323293
2323295
2323297
2323298
2323299
2323303
2323304
2323305
2323307
2323309
2323311
2323313
2323317
2323319
2323321
2323332
2323334
2323344
2323345
2323347
2323356
2323357
2323371
2323372
2323373
2323378
2323379
2323380
2323385
2323388
2323392
2323393
2323396
2323399
2323400
2323403
2323410
2323413
2323414
2323415
2323419
2323421
2323424
2323426
2323428
2323429
2323430
2323432
2323435
2323437
2323438
2323439
2323442
2323444
2323451
2323452
2323460
2323466
2323472
2323473
2323474
2323476
2323480
2323481
2323488
2323490
2323491
2323492
2323493
2323495
2323498
2323500
2323503
2323504
2323507
2323508
2323509
2323511
2323515
2323516
2323517
2323522
2323527
2323528
2323532
2323536
2323538
2323541
2323542
2323549
2323550
2323552
2323553
2323556
2323561
2323562
2323564
2323566
2323567
2323569
2323570
2323571
2323575
2323578
2323579
2323584
2323586
2323588
2323589
2323591
2323597
2323599
2323600
2323601
2323603
2323604
2323607
2323608
2323609
2323612
2323615
2323616
2323620
2323621
2323622
2323624
2323628
2323632
2323636
2323638
2323639
2323641
2323642
2323643
2323645
2323647
2323654
2323656
2323657
2323661
2323663
2323666
2323670
2323677
2323681
2323682
2323685
2323688
2323692
2323694
2323696
2323700
2323706
2323707
2323710
2323711
2323714
2323719
2323720
2323721
2323724
2323735
2323744
2323748
2323751
2323755
2323756
2323757
2323758
2323759
2323760
2323765
2323766
2323767
2323769
2323770
2323771
2323776
2323778
2323779
2323786
2323798
2323803
2323808
2323809
2323811
2323812
2323814
2323815
2323819
2323823
2323826
2323827
2323830
2323832
2323833
2323834
2323841
2323843
2323851
2323853
2323855
2323856
2323860
2323862
2323863
2323864
2323868
2323869
2323871
2323872
2323877
2323878
2323880
2323882
2323886
2323887
2323889
2323890
2323892
2323896
2323897
2323901
2323904
2323905
2323906
2323913
2323917
2323920
2323921
2323924
2323925
2323926
2323927
2323930
2323935
2323944
2323945
2323949
2323950
2323955
2323961
2323962
2323963
2323966
2323973
2323977
2323979
2323981
2323983
2323984
2323987
2323988
2323992
2323995
2323996
2324002
2324008
2324009
2324012
2324013
2324018
2324019
2324022
2324026
2324028
2324032
2324033
2324036
2324039
2324043
2324045
2324046
2324047
2324049
2324054
2324055
2324056
2324060
2324062
2324065
2324066
2324067
2324068
2324073
2324074
2324077
2324078
2324080
2324082
2324084
2324086
2324088
2324096
2324098
2324102
2324105
2324106
2324108
2324109
2324110
2324112
2324116
2324117
2324121
2324123
2324127
2324131
2324134
2324137
2324139
2324141
2324142
2324143
2324145
2324146
2324148
2324151
2324152
2324158
2324159
2324160
2324162
2324169
2324170
2324171
2324172
2324174
2324177
2324178
2324181
2324183
2324185
2324189
2324191
2324194
2324195
2324197
2324199
2324200
2324201
2324203
2324209
2324210
2324212
2324213
2324214
2324215
2324216
2324220
2324223
2324225
2324228
2324230
2324236
2324238
2324239
2324245
2324248
2324252
2324253
2324257
2324261
2324263
2324265
2324266
2324269
2324271
2324274
2324276
2324283
2324284
2324285
2324286
2324287
2324290
2324291
2324295
2324298
2324300
2324301
2324306
2324308
2324315
2324316
2324319
2324320
2324321
2324327
2324328
2324329
2324330
2324331
2324341
2324342
2324344
2324346
2324347
2324350
2324351
2324353
2324355
2324359
2324361
2324364
2324365
2324368
2324373
2324374
2324375
2324377
2324378
2324385
2324387
2324395
2324396
2324397
2324399
2324400
2324401
2324403
2324406
2324408
2324409
2324412
2324414
2324415
2324417
2324421
2324422
2324425
2324426
2324429
2324437
2324439
2324440
2324444
2324451
2324452
2324454
2324456
2324459
2324461
2324462
2324464
2324465
2324467
2324470
2324472
2324477
2324478
2324479
2324482
2324490
2324494
2324496
2324497
2324499
2324504
2324506
2324513
2324515
2324516
2324517
2324518
2324520
2324524
2324525
2324526
2324527
2324533
2324534
2324535
2324538
2324541
2324543
2324546
2324547
2324548
2324550
2324551
2324553
2324555
2324558
2324562
2324564
2324567
2324572
2324575
2324577
2324579
2324580
2324588
2324589
2324590
2324591
2324593
2324594
2324596
2324597
2324598
2324599
2324601
2324603
2324604
2324607
2324609
2324615
2324617
2324619
2324621
2324624
2324632
2324634
2324635
2324637
2324638
2324642
2324644
2324648
2324652
2324654
2324655
2324659
2324662
2324664
2324667
2324671
2324674
2324677
2324679
2324680
2324682
2324683
2324687
2324691
2324692
2324695
2324696
2324697
2324698
2324699
2324701
2324702
2324703
2324704
2324705
2324708
2324712
2324714
2324716
2324718
2324719
2324727
2324733
2324736
2324744
2324746
2324749
2324751
2324753
2324755
2324756
2324757
2324758
2324762
2324763
2324765
2324766
2324768
2324770
2324771
2324772
2324779
2324784
2324788
2324793
2324795
2324796
2324797
2324798
2324799
2324804
2324805
2324809
2324815
2324818
2324825
2324827
2324828
2324829
2324833
2324834
2324835
2324836
2324837
2324838
2324840
2324841
2324844
2324850
2324853
2324854
2324855
2324859
2324860
2324864
2324865
2324866
2324869
2324871
2324876
2324880
2324891
2324892
2324894
2324895
2324896
2324897
2324899
2324905
2324907
2324909
2324911
2324913
2324919
2324920
2324921
2324922
2324923
2324924
2324930
2324942
2324943
2324944
2324945
2324947
2324953
2324954
2324955
2324956
2324959
2324961
2324962
2324966
2324967
2324972
2324973
2324977
2324979
2324983
2324987
2324989
2324990
2324991
2324995
2325006
2325008
2325012
2325014
2325015
2325016
2325017
2325018
2325019
2325021
2325022
2325023
2325028
2325030
2325031
2325035
2325040
2325041
2325043
2325057
2325061
2325064
2325066
2325070
2325071
2325076
2325080
2325087
2325088
2325089
2325092
2325093
2325095
2325096
2325098
2325099
2325104
2325107
2325108
2325111
2325112
2325113
2325115
2325118
2325119
2325124
2325125
2325127
2325129
2325130
2325134
2325138
2325140
2325142
2325143
2325147
2325149
2325150
2325152
2325155
2325157
2325159
2325161
2325162
2325165
2325166
2325167
2325168
2325169
2325170
2325173
2325174
2325175
2325177
2325178
2325180
2325183
2325186
2325187
2325191
2325195
2325197
2325201
2325203
2325207
2325209
2325211
2325213
2325219
2325222
2325223
2325227
2325235
2325237
2325240
2325243
2325247
2325248
2325249
2325251
2325254
2325257
2325260
2325263
2325268
2325269
2325272
2325274
2325277
2325286
2325287
2325289
2325290
2325291
2325293
2325294
2325295
2325296
2325298
2325300
2325302
2325303
2325304
2325305
2325307
2325308
2325309
2325310
2325313
2325315
2325317
2325321
2325324
2325326
2325328
2325331
2325332
2325336
2325338
2325341
2325343
2325347
2325348
2325351
2325352
2325357
2325358
2325359
2325362
2325365
2325366
2325367
2325368
2325370
2325372
2325374
2325375
2325381
2325386
2325388
2325389
2325391
2325393
2325394
2325395
2325399
2325400
2325409
2325412
2325415
2325418
2325420
2325422
2325423
2325429
2325431
2325432
2325433
2325439
2325440
2325441
2325442
2325444
2325445
2325448
2325451
2325456
2325465
2325467
2325468
2325471
2325475
2325476
2325478
2325481
2325482
2325483
2325484
2325486
2325489
2325490
2325492
2325494
2325496
2325497
2325499
2325500
2325510
2325513
2325520
2325527
2325529
2325531
2325533
2325535
2325536
2325541
2325542
2325544
2325547
2325548
2325549
2325550
2325555
2325556
2325557
2325558
2325560
2325567
2325570
2325574
2325577
2325578
2325580
2325581
2325584
2325585
2325595
2325596
2325597
2325599
2325600
2325602
2325605
2325607
2325609
2325612
2325613
2325616
2325617
2325618
2325619
2325629
2325632
2325634
2325635
2325637
2325638
2325640
2325641
2325644
2325652
2325653
2325657
2325658
2325659
2325662
2325664
2325665
2325666
2325667
2325671
2325673
2325675
2325677
2325682
2325687
2325691
2325693
2325694
2325699
2325700
2325701
2325705
2325706
2325708
2325712
2325714
2325715
2325723
2325724
2325725
2325726
2325737
2325742
2325745
2325748
2325749
2325752
2325755
2325756
2325758
2325759
2325764
2325767
2325768
2325771
2325775
2325778
2325781
2325783
2325786
2325787
2325788
2325790
2325791
2325792
2325793
2325799
2325800
2325803
2325807
2325808
2325809
2325811
2325812
2325813
2325820
2325822
2325825
2325829
2325830
2325831
2325833
2325840
2325842
2325844
2325845
2325846
2325847
2325848
2325850
2325852
2325853
2325856
2325862
2325864
2325866
2325868
2325870
2325873
2325874
2325876
2325877
2325879
2325882
2325883
2325886
2325887
2325889
2325890
2325894
2325900
2325902
2325904
2325905
2325908
2325910
2325913
2325914
2325917
2325924
2325925
2325926
2325927
2325928
2325931
2325934
2325936
2325940
2325953
2325954
2325956
2325958
2325959
2325962
2325963
2325964
2325967
2325970
2325972
2325974
2325978
2325980
2325981
2325982
2325984
2325985
2325987
2325989
2325990
2325993
2325994
2325996
2325997
2326000
2326001
2326002
2326004
2326008
2326009
2326012
2326014
2326016
2326018
2326020
2326022
2326031
2326032
2326034
2326035
2326036
2326038
2326039
2326040
2326044
2326045
2326047
2326048
2326051
2326052
2326055
2326058
2326059
2326060
2326061
2326067
2326068
2326069
2326070
2326072
2326074
2326078
2326080
2326081
2326082
2326087
2326094
2326096
2326098
2326099
2326102
2326106
2326107
2326108
2326109
2326112
2326114
2326118
2326120
2326125
2326126
2326128
2326131
2326138
2326140
2326143
2326145
2326146
2326147
2326148
2326151
2326160
2326161
2326162
2326163
2326170
2326172
2326174
2326175
2326176
2326177
2326178
2326183
2326185
2326187
2326194
2326198
2326200
2326202
2326203
2326206
2326207
2326211
2326212
2326213
2326215
2326226
2326228
2326234
2326236
2326238
2326240
2326241
2326244
2326249
2326252
2326253
2326255
2326258
2326259
2326261
2326265
2326266
2326268
2326270
2326271
2326272
2326274
2326276
2326278
2326281
2326283
2326290
2326291
2326294
2326296
2326300
2326304
2326307
2326312
2326315
2326318
2326320
2326321
2326322
2326328
2326330
2326334
2326335
2326339
2326343
2326344
2326346
2326347
2326350
2326354
2326355
2326362
2326363
2326364
2326366
2326368
2326369
2326372
2326373
2326375
2326378
2326380
2326381
2326385
2326387
2326389
2326390
2326391
2326392
2326393
2326395
2326396
2326397
2326398
2326400
2326401
2326402
2326403
2326406
2326409
2326410
2326412
2326419
2326424
2326429
2326434
2326436
2326437
2326440
2326444
2326445
2326446
2326447
2326449
2326450
2326455
2326457
2326458
2326461
2326466
2326468
2326471
2326475
2326478
2326480
2326481
2326482
2326487
2326488
2326491
2326493
2326496
2326498
2326500
2326502
2326504
2326507
2326509
2326510
2326513
2326515
2326516
2326518
2326521
2326528
2326530
2326533
2326534
2326538
2326539
2326542
2326543
2326544
2326545
2326550
2326558
2326561
2326564
2326566
2326568
2326569
2326570
2326583
2326584
2326586
2326592
2326593
2326594
2326595
2326598
2326599
2326600
2326602
2326603
2326604
2326605
2326609
2326611
2326612
2326613
2326621
2326622
2326626
2326627
2326628
2326631
2326632
2326634
2326636
2326638
2326641
2326642
2326648
2326649
2326655
2326656
2326658
2326659
2326660
2326664
2326665
2326666
2326667
2326668
2326669
2326670
2326671
2326672
2326673
2326675
2326676
2326678
2326679
2326683
2326684
2326685
2326686
2326688
2326694
2326695
2326698
2326702
2326713
2326715
2326720
2326722
2326726
2326729
2326730
2326731
2326732
2326733
2326737
2326742
2326744
2326745
2326749
2326750
2326751
2326753
2326754
2326756
2326758
2326759
2326761
2326770
2326771
2326773
2326775
2326776
2326780
2326786
2326789
2326790
2326793
2326794
2326798
2326799
2326800
2326803
2326804
2326808
2326810
2326811
2326819
2326821
2326825
2326826
2326827
2326828
2326830
2326832
2326833
2326834
2326836
2326841
2326846
2326847
2326849
2326853
2326855
2326856
2326859
2326861
2326866
2326868
2326872
2326873
2326874
2326878
2326879
2326880
2326883
2326887
2326891
2326892
2326893
2326896
2326897
2326900
2326901
2326902
2326908
2326909
2326911
2326914
2326915
2326916
2326925
2326926
2326927
2326928
2326931
2326935
2326936
2326937
2326939
2326941
2326942
2326945
2326948
2326950
2326953
2326954
2326956
2326958
2326960
2326962
2326963
2326966
2326968
2326973
2326974
2326977
2326980
2326983
2326984
2326987
2326990
2326991
2326993
2326995
2326997
2326998
2326999
2327002
2327004
2327007
2327009
2327013
2327014
2327019
2327026
2327028
2327029
2327030
2327032
2327033
2327034
2327035
2327037
2327045
2327047
2327048
2327049
2327050
2327051
2327053
2327055
2327059
2327060
2327062
2327065
2327070
2327076
2327079
2327081
2327084
2327085
2327086
2327089
2327097
2327099
2327101
2327103
2327105
2327106
2327109
2327113
2327116
2327123
2327128
2327129
2327130
2327136
2327137
2327142
2327144
2327147
2327149
2327150
2327155
2327160
2327164
2327167
2327168
2327174
2327181
2327185
2327188
2327189
2327190
2327192
2327193
2327195
2327197
2327198
2327199
2327204
2327205
2327206
2327208
2327209
2327210
2327212
2327215
2327217
2327219
2327221
2327222
2327225
2327230
2327232
2327234
2327235
2327237
2327243
2327246
2327251
2327256
2327258
2327260
2327261
2327264
2327270
2327271
2327272
2327276
2327282
2327285
2327287
2327289
2327291
2327294
2327297
2327304
2327308
2327309
2327313
2327315
2327319
2327322
2327323
2327329
2327332
2327333
2327336
2327339
2327340
2327343
2327344
2327348
2327351
2327352
2327358
2327359
2327360
2327362
2327363
2327368
2327369
2327370
2327372
2327376
2327377
2327381
2327383
2327384
2327385
2327388
2327390
2327395
2327396
2327397
2327398
2327399
2327400
2327402
2327403
2327405
2327408
2327411
2327415
2327416
2327420
2327423
2327425
2327426
2327429
2327432
2327436
2327438
2327441
2327443
2327444
2327445
2327449
2327450
2327451
2327456
2327457
2327460
2327462
2327464
2327465
2327466
2327470
2327472
2327473
2327474
2327475
2327476
2327484
2327493
2327495
2327499
2327500
2327503
2327504
2327508
2327509
2327510
2327512
2327514
2327520
2327521
2327522
2327523
2327525
2327526
2327528
2327530
2327534
2327536
2327538
2327543
2327544
2327547
2327548
2327549
2327552
2327553
2327556
2327558
2327560
2327567
2327572
2327574
2327575
2327576
2327579
2327582
2327583
2327588
2327590
2327596
2327597
2327599
2327600
2327602
2327605
2327609
2327610
2327613
2327620
2327621
2327626
2327629
2327631
2327632
2327633
2327635
2327636
2327641
2327642
2327644
2327646
2327647
2327648
2327650
2327652
2327654
2327656
2327658
2327659
2327660
2327661
2327664
2327667
2327668
2327670
2327671
2327672
2327674
2327679
2327683
2327684
2327686
2327688
2327691
2327694
2327696
2327697
2327698
2327700
2327703
2327705
2327712
2327714
2327716
2327718
2327720
2327721
2327722
2327725
2327726
2327728
2327732
2327734
2327735
2327736
2327737
2327738
2327740
2327741
2327743
2327745
2327747
2327749
2327753
2327754
2327755
2327756
2327758
2327763
2327764
2327765
2327767
2327770
2327771
2327773
2327777
2327781
2327785
2327789
2327790
2327794
2327796
2327797
2327798
2327800
2327802
2327803
2327807
2327810
2327812
2327813
2327816
2327817
2327820
2327822
2327828
2327829
2327832
2327833
2327834
2327837
2327843
2327845
2327857
2327863
2327866
2327868
2327870
2327875
2327876
2327878
2327880
2327882
2327885
2327887
2327888
2327889
2327892
2327895
2327896
2327898
2327899
2327900
2327903
2327904
2327906
2327907
2327910
2327912
2327914
2327918
2327922
2327926
2327927
2327928
2327930
2327931
2327933
2327935
2327941
2327944
2327945
2327946
2327947
2327952
2327953
2327958
2327959
2327960
2327961
2327962
2327969
2327973
2327980
2327981
2327982
2327984
2327985
2327987
2327989
2327991
2327993
2327995
2327998
2327999
2328006
2328010
2328011
2328019
2328021
2328026
2328027
2328028
2328029
2328030
2328031
2328033
2328035
2328036
2328038
2328040
2328041
2328042
2328043
2328044
2328045
2328046
2328047
2328048
2328049
2328057
2328060
2328062
2328063
2328065
2328066
2328072
2328075
2328077
2328081
2328091
2328092
2328094
2328097
2328098
2328099
2328102
2328104
2328106
2328111
2328115
2328119
2328121
2328122
2328123
2328126
2328132
2328136
2328138
2328139
2328145
2328150
2328151
2328152
2328155
2328158
2328168
2328170
2328171
2328176
2328180
2328184
2328186
2328190
2328191
2328201
2328202
2328207
2328216
2328219
2328221
2328224
2328225
2328226
2328231
2328232
2328235
2328248
2328252
2328254
2328255
2328256
2328258
2328260
2328261
2328262
2328265
2328268
2328269
2328272
2328276
2328279
2328283
2328286
2328287
2328289
2328291
2328294
2328308
2328309
2328311
2328312
2328314
2328315
2328319
2328320
2328321
2328322
2328323
2328325
2328329
2328331
2328332
2328334
2328336
2328339
2328342
2328345
2328346
2328347
2328348
2328350
2328351
2328356
2328357
2328361
2328363
2328365
2328368
2328373
2328378
2328385
2328389
2328390
2328391
2328393
2328395
2328396
2328399
2328401
2328408
2328409
2328410
2328411
2328414
2328416
2328417
2328420
2328422
2328424
2328427
2328428
2328430
2328435
2328436
2328437
2328439
2328440
2328445
2328446
2328447
2328448
2328453
2328457
2328460
2328462
2328463
2328465
2328468
2328474
2328480
2328481
2328492
2328493
2328494
2328496
2328498
2328502
2328505
2328511
2328512
2328514
2328519
2328520
2328524
2328528
2328529
2328531
2328533
2328541
2328546
2328547
2328551
2328552
2328553
2328554
2328556
2328558
2328561
2328563
2328565
2328568
2328570
2328571
2328574
2328576
2328580
2328581
2328586
2328590
2328591
2328593
2328596
2328599
2328600
2328601
2328603
2328604
2328606
2328611
2328615
2328622
2328623
2328624
2328625
2328627
2328630
2328633
2328634
2328637
2328640
2328642
2328646
2328656
2328657
2328658
2328659
2328663
2328664
2328665
2328666
2328667
2328669
2328670
2328674
2328675
2328678
2328679
2328682
2328689
2328691
2328692
2328695
2328698
2328702
2328704
2328706
2328709
2328715
2328719
2328720
2328727
2328728
2328732
2328734
2328738
2328739
2328741
2328743
2328749
2328758
2328761
2328762
2328764
2328765
2328767
2328768
2328769
2328771
2328772
2328773
2328778
2328779
2328781
2328782
2328792
2328793
2328795
2328796
2328797
2328804
2328806
2328808
2328810
2328816
2328818
2328820
2328822
2328824
2328825
2328826
2328827
2328832
2328833
2328836
2328839
2328846
2328847
2328850
2328857
2328862
2328863
2328864
2328865
2328866
2328868
2328873
2328880
2328881
2328882
2328883
2328885
2328888
2328893
2328895
2328896
2328897
2328901
2328902
2328903
2328905
2328907
2328914
2328917
2328918
2328921
2328923
2328931
2328932
2328935
2328941
2328943
2328944
2328945
2328947
2328954
2328956
2328958
2328960
2328961
2328962
2328967
2328968
2328970
2328971
2328974
2328981
2328984
2328986
2328988
2328989
2328990
2328991
2328992
2328993
2328996
2328997
2328999
2329000
2329002
2329003
2329011
2329014
2329015
2329016
2329017
2329018
2329019
2329020
2329021
2329029
2329035
2329038
2329039
2329045
2329052
2329058
2329060
2329061
2329062
2329064
2329065
2329066
2329067
2329077
2329078
2329079
2329084
2329085
2329086
2329096
2329097
2329100
2329104
2329107
2329111
2329113
2329122
2329126
2329130
2329131
2329135
2329136
2329137
2329140
2329141
2329142
2329147
2329148
2329152
2329154
2329156
2329157
2329164
2329167
2329169
2329172
2329175
2329176
2329178
2329182
2329185
2329186
2329188
2329190
2329191
2329194
2329195
2329196
2329197
2329201
2329202
2329204
2329208
2329212
2329213
2329215
2329220
2329224
2329226
2329229
2329230
2329236
2329239
2329240
2329241
2329242
2329244
2329247
2329255
2329260
2329262
2329265
2329269
2329271
2329274
2329276
2329277
2329280
2329282
2329284
2329285
2329286
2329287
2329289
2329290
2329292
2329295
2329296
2329297
2329298
2329300
2329302
2329303
2329306
2329307
2329308
2329312
2329315
2329320
2329327
2329328
2329329
2329331
2329334
2329336
2329337
2329339
2329340
2329342
2329349
2329353
2329354
2329355
2329356
2329358
2329359
2329364
2329366
2329381
2329386
2329388
2329392
2329397
2329400
2329401
2329406
2329409
2329413
2329414
2329415
2329416
2329420
2329423
2329424
2329431
2329434
2329435
2329439
2329440
2329441
2329442
2329443
2329444
2329445
2329446
2329450
2329454
2329457
2329461
2329462
2329463
2329465
2329468
2329470
2329472
2329473
2329475
2329483
2329484
2329485
2329487
2329488
2329489
2329491
2329493
2329495
2329496
2329499
2329500
2329502
2329506
2329507
2329508
2329511
2329512
2329514
2329516
2329520
2329522
2329524
2329530
2329533
2329535
2329542
2329545
2329546
2329547
2329553
2329557
2329558
2329562
2329563
2329566
2329567
2329572
2329577
2329581
2329583
2329585
2329587
2329588
2329589
2329591
2329592
2329595
2329598
2329600
2329601
2329602
2329603
2329615
2329616
2329619
2329624
2329625
2329631
2329632
2329635
2329637
2329642
2329645
2329646
2329648
2329649
2329654
2329656
2329659
2329660
2329662
2329663
2329664
2329665
2329668
2329671
2329672
2329674
2329675
2329679
2329681
2329683
2329684
2329690
2329692
2329693
2329695
2329696
2329697
2329698
2329699
2329700
2329708
2329710
2329711
2329712
2329716
2329722
2329724
2329729
2329737
2329743
2329750
2329751
2329753
2329755
2329756
2329757
2329763
2329765
2329767
2329769
2329770
2329772
2329773
2329774
2329777
2329778
2329781
2329782
2329783
2329785
2329786
2329788
2329792
2329802
2329808
2329819
2329820
2329821
2329822
2329824
2329825
2329827
2329828
2329829
2329830
2329833
2329836
2329846
2329849
2329850
2329852
2329857
2329858
2329860
2329866
2329868
2329870
2329872
2329873
2329875
2329876
2329877
2329880
2329882
2329883
2329884
2329885
2329886
2329888
2329889
2329892
2329893
2329894
2329895
2329897
2329900
2329901
2329902
2329906
2329910
2329911
2329915
2329916
2329917
2329918
2329920
2329921
2329923
2329927
2329929
2329932
2329933
2329935
2329937
2329939
2329940
2329943
2329945
2329947
2329948
2329949
2329951
2329955
2329956
2329958
2329959
2329962
2329963
2329966
2329967
2329970
2329971
2329973
2329974
2329976
2329978
2329981
2329982
2329985
2329987
2329990
2329991
2329992
2329993
2329995
2329996
2329997
2330000
2330001
2330007
2330009
2330014
2330017
2330018
2330019
2330023
2330024
2330026
2330028
2330032
2330033
2330034
2330035
2330036
2330039
2330042
2330044
2330050
2330051
2330052
2330053
2330054
2330055
2330057
2330058
2330060
2330065
2330067
2330069
2330070
2330071
2330076
2330077
2330079
2330080
2330082
2330083
2330086
2330087
2330088
2330089
2330094
2330098
2330099
2330103
2330111
2330114
2330115
2330118
2330119
2330121
2330123
2330127
2330130
2330131
2330133
2330134
2330135
2330138
2330139
2330140
2330141
2330145
2330147
2330151
2330154
2330158
2330159
2330167
2330170
2330171
2330174
2330177
2330181
2330185
2330188
2330191
2330193
2330196
2330197
2330198
2330199
2330200
2330202
2330205
2330208
2330210
2330211
2330212
2330214
2330215
2330217
2330221
2330222
2330224
2330228
2330229
2330233
2330236
2330237
2330244
2330245
2330246
2330250
2330253
2330255
2330256
2330263
2330268
2330272
2330273
2330274
2330275
2330277
2330279
2330283
2330284
2330286
2330287
2330289
2330292
2330295
2330296
2330297
2330299
2330300
2330302
2330305
2330306
2330307
2330308
2330313
2330314
2330315
2330316
2330318
2330321
2330323
2330325
2330327
2330328
2330330
2330332
2330333
2330335
2330338
2330339
2330343
2330346
2330347
2330349
2330350
2330351
2330353
2330357
2330359
2330361
2330363
2330367
2330375
2330378
2330381
2330382
2330383
2330386
2330387
2330391
2330398
2330399
2330402
2330403
2330405
2330408
2330410
2330412
2330413
2330414
2330415
2330416
2330417
2330423
2330424
2330428
2330431
2330438
2330440
2330441
2330444
2330447
2330449
2330450
2330452
2330453
2330454
2330456
2330459
2330461
2330462
2330463
2330465
2330470
2330472
2330475
2330480
2330481
2330482
2330483
2330485
2330488
2330491
2330494
2330496
2330497
2330507
2330516
2330517
2330521
2330524
2330525
2330529
2330530
2330536
2330539
2330540
2330546
2330549
2330552
2330555
2330558
2330559
2330560
2330562
2330563
2330564
2330566
2330568
2330569
2330571
2330573
2330576
2330578
2330579
2330581
2330584
2330585
2330589
2330590
2330593
2330594
2330595
2330597
2330598
2330600
2330601
2330606
2330614
2330618
2330619
2330620
2330621
2330622
2330627
2330628
2330629
2330632
2330634
2330638
2330640
2330641
2330647
2330648
2330649
2330650
2330658
2330660
2330665
2330666
2330669
2330671
2330672
2330673
2330674
2330676
2330677
2330684
2330685
2330686
2330687
2330696
2330697
2330698
2330699
2330700
2330705
2330708
2330709
2330711
2330712
2330715
2330718
2330719
2330720
2330721
2330723
2330724
2330726
2330727
2330729
2330730
2330731
2330733
2330734
2330739
2330745
2330747
2330751
2330752
2330758
2330760
2330761
2330763
2330764
2330768
2330772
2330774
2330778
2330779
2330780
2330781
2330785
2330792
2330793
2330795
2330796
2330797
2330798
2330799
2330803
2330807
2330808
2330809
2330810
2330811
2330812
2330813
2330814
2330816
2330817
2330819
2330821
2330822
2330824
2330825
2330827
2330830
2330831
2330843
2330844
2330848
2330849
2330853
2330854
2330858
2330861
2330867
2330874
2330875
2330877
2330879
2330881
2330888
2330890
2330891
2330893
2330894
2330896
2330898
2330902
2330903
2330905
2330908
2330909
2330911
2330920
2330921
2330923
2330926
2330932
2330934
2330936
2330937
2330940
2330941
2330943
2330948
2330950
2330953
2330955
2330956
2330958
2330960
2330963
2330964
2330965
2330967
2330972
2330974
2330977
2330978
2330984
2330991
2330992
2330995
2330999
2331000
2331002
2331006
2331013
2331014
2331018
2331020
2331021
2331022
2331024
2331025
2331028
2331036
2331038
2331042
2331045
2331051
2331052
2331053
2331055
2331057
2331058
2331064
2331066
2331067
2331068
2331069
2331071
2331074
2331077
2331078
2331081
2331083
2331084
2331091
2331092
2331095
2331096
2331097
2331100
2331101
2331103
2331107
2331108
2331118
2331120
2331125
2331126
2331127
2331129
2331130
2331133
2331134
2331136
2331138
2331140
2331141
2331144
2331146
2331147
2331149
2331155
2331156
2331160
2331161
2331162
2331163
2331164
2331170
2331174
2331177
2331178
2331179
2331180
2331181
2331184
2331187
2331189
2331192
2331197
2331198
2331204
2331206
2331207
2331209
2331210
2331213
2331214
2331215
2331216
2331218
2331223
2331225
2331227
2331230
2331234
2331236
2331241
2331243
2331244
2331245
2331246
2331255
2331256
2331257
2331259
2331260
2331262
2331268
2331269
2331270
2331272
2331276
2331278
2331280
2331281
2331282
2331283
2331284
2331286
2331287
2331290
2331295
2331296
2331298
2331299
2331301
2331303
2331306
2331307
2331309
2331310
2331312
2331314
2331317
2331318
2331319
2331320
2331321
2331322
2331323
2331324
2331325
2331326
2331332
2331334
2331336
2331340
2331345
2331347
2331348
2331349
2331356
2331359
2331361
2331362
2331363
2331375
2331379
2331380
2331381
2331382
2331383
2331385
2331387
2331390
2331392
2331393
2331394
2331396
2331399
2331401
2331403
2331404
2331405
2331407
2331416
2331417
2331418
2331420
2331423
2331424
2331426
2331431
2331432
2331435
2331436
2331437
2331438
2331445
2331446
2331447
2331450
2331455
2331456
2331458
2331459
2331460
2331464
2331468
2331471
2331479
2331488
2331496
2331500
2331501
2331502
2331503
2331507
2331510
2331511
2331513
2331514
2331517
2331518
2331521
2331523
2331524
2331526
2331528
2331534
2331538
2331539
2331540
2331542
2331547
2331550
2331555
2331558
2331564
2331565
2331570
2331572
2331581
2331582
2331585
2331586
2331588
2331590
2331593
2331594
2331595
2331596
2331597
2331599
2331601
2331602
2331605
2331607
2331611
2331612
2331614
2331617
2331618
2331622
2331624
2331626
2331628
2331630
2331631
2331632
2331633
2331637
2331638
2331639
2331645
2331651
2331654
2331656
2331657
2331658
2331659
2331662
2331666
2331667
2331668
2331669
2331670
2331672
2331675
2331684
2331686
2331687
2331688
2331690
2331695
2331696
2331697
2331698
2331700
2331702
2331704
2331705
2331708
2331712
2331719
2331720
2331724
2331725
2331730
2331732
2331733
2331734
2331736
2331743
2331745
2331748
2331749
2331750
2331751
2331753
2331754
2331758
2331763
2331767
2331770
2331773
2331775
2331776
2331777
2331788
2331790
2331792
2331794
2331800
2331801
2331802
2331807
2331813
2331817
2331822
2331823
2331824
2331825
2331826
2331834
2331838
2331839
2331841
2331842
2331844
2331851
2331852
2331853
2331854
2331856
2331857
2331862
2331864
2331865
2331869
2331870
2331871
2331873
2331880
2331883
2331887
2331888
2331890
2331892
2331893
2331894
2331895
2331896
2331901
2331902
2331905
2331907
2331910
2331911
2331912
2331914
2331915
2331916
2331917
2331919
2331923
2331924
2331925
2331932
2331934
2331936
2331938
2331941
2331942
2331944
2331945
2331946
2331947
2331948
2331950
2331952
2331953
2331954
2331955
2331956
2331961
2331962
2331965
2331967
2331972
2331975
2331977
2331982
2331987
2331990
2331991
2331994
2331996
2331997
2331998
2331999
2332000
2332001
2332003
2332004
2332005
2332007
2332018
2332020
2332024
2332025
2332029
2332031
2332033
2332034
2332037
2332038
2332043
2332045
2332046
2332052
2332053
2332058
2332060
2332062
2332065
2332069
2332071
2332072
2332073
2332075
2332076
2332079
2332080
2332081
2332084
2332088
2332091
2332092
2332093
2332096
2332098
2332100
2332101
2332111
2332114
2332115
2332118
2332126
2332127
2332134
2332140
2332144
2332148
2332149
2332151
2332159
2332160
2332163
2332164
2332165
2332166
2332168
2332172
2332178
2332179
2332182
2332183
2332184
2332186
2332187
2332188
2332189
2332190
2332193
2332194
2332195
2332198
2332199
2332200
2332201
2332206
2332210
2332211
2332216
2332217
2332222
2332226
2332228
2332230
2332231
2332232
2332238
2332239
2332242
2332243
2332244
2332246
2332247
2332248
2332251
2332257
2332258
2332260
2332263
2332264
2332270
2332272
2332273
2332275
2332277
2332278
2332279
2332284
2332285
2332287
2332288
2332293
2332295
2332297
2332298
2332300
2332301
2332303
2332307
2332310
2332313
2332314
2332315
2332316
2332317
2332318
2332319
2332320
2332321
2332322
2332325
2332327
2332329
2332331
2332332
2332334
2332335
2332336
2332337
2332338
2332341
2332342
2332345
2332350
2332351
2332353
2332356
2332357
2332358
2332360
2332361
2332362
2332363
2332367
2332369
2332370
2332371
2332373
2332374
2332375
2332379
2332386
2332392
2332394
2332395
2332397
2332398
2332401
2332402
2332403
2332405
2332406
2332407
2332409
2332410
2332414
2332417
2332419
2332420
2332429
2332433
2332434
2332438
2332439
2332440
2332441
2332442
2332446
2332447
2332467
2332469
2332470
2332471
2332472
2332473
2332474
2332475
2332476
2332477
2332479
2332480
2332481
2332482
2332483
2332486
2332488
2332489
2332492
2332495
2332504
2332510
2332511
2332513
2332514
2332515
2332518
2332520
2332521
2332523
2332525
2332527
2332530
2332533
2332534
2332535
2332538
2332540
2332544
2332545
2332548
2332554
2332558
2332560
2332561
2332568
2332569
2332570
2332571
2332573
2332575
2332576
2332578
2332580
2332581
2332583
2332584
2332590
2332592
2332595
2332596
2332597
2332598
2332599
2332600
2332607
2332608
2332613
2332614
2332621
2332622
2332628
2332633
2332634
2332636
2332638
2332640
2332641
2332663
2332664
2332666
2332668
2332671
2332672
2332675
2332679
2332680
2332682
2332685
2332687
2332688
2332691
2332693
2332696
2332698
2332699
2332700
2332701
2332702
2332703
2332707
2332708
2332709
2332713
2332714
2332718
2332720
2332721
2332723
2332724
2332728
2332731
2332732
2332734
2332735
2332736
2332737
2332739
2332741
2332746
2332754
2332755
2332756
2332759
2332760
2332767
2332771
2332772
2332773
2332774
2332783
2332785
2332786
2332788
2332794
2332801
2332804
2332806
2332809
2332810
2332811
2332814
2332816
2332817
2332818
2332821
2332826
2332827
2332830
2332831
2332832
2332839
2332840
2332841
2332842
2332843
2332844
2332847
2332849
2332855
2332858
2332859
2332864
2332870
2332871
2332873
2332874
2332880
2332881
2332882
2332885
2332886
2332889
2332894
2332896
2332900
2332902
2332904
2332906
2332908
2332912
2332913
2332917
2332919
2332920
2332924
2332927
2332930
2332931
2332932
2332933
2332935
2332937
2332940
2332942
2332943
2332945
2332946
2332947
2332948
2332950
2332951
2332952
2332953
2332954
2332961
2332968
2332973
2332976
2332979
2332982
2332983
2332986
2332988
2332990
2332992
2332993
2332994
2332996
2333001
2333004
2333005
2333007
2333008
2333011
2333012
2333015
2333016
2333017
2333028
2333030
2333032
2333033
2333038
2333040
2333042
2333045
2333046
2333051
2333053
2333054
2333057
2333059
2333060
2333064
2333066
2333069
2333070
2333073
2333076
2333080
2333081
2333083
2333084
2333086
2333091
2333096
2333098
2333099
2333101
2333110
2333115
2333116
2333117
2333119
2333124
2333125
2333127
2333128
2333129
2333133
2333136
2333142
2333143
2333150
2333153
2333154
2333155
2333161
2333162
2333163
2333164
2333167
2333168
2333169
2333170
2333175
2333176
2333178
2333181
2333184
2333187
2333189
2333193
2333196
2333197
2333199
2333201
2333202
2333204
2333205
2333207
2333209
2333217
2333221
2333222
2333224
2333227
2333229
2333230
2333233
2333237
2333240
2333242
2333243
2333248
2333251
2333253
2333254
2333255
2333257
2333258
2333264
2333266
2333269
2333271
2333272
2333273
2333275
2333276
2333277
2333280
2333284
2333290
2333291
2333293
2333294
2333295
2333296
2333303
2333305
2333307
2333308
2333309
2333311
2333312
2333315
2333317
2333319
2333320
2333321
2333322
2333323
2333325
2333327
2333331
2333335
2333337
2333338
2333339
2333347
2333351
2333353
2333355
2333356
2333362
2333363
2333369
2333374
2333376
2333377
2333383
2333384
2333386
2333389
2333390
2333395
2333399
2333410
2333411
2333412
2333417
2333418
2333419
2333422
2333424
2333425
2333426
2333430
2333435
2333437
2333439
2333443
2333446
2333447
2333449
2333452
2333460
2333461
2333462
2333464
2333466
2333470
2333474
2333475
2333476
2333477
2333478
2333485
2333486
2333487
2333491
2333493
2333494
2333498
2333502
2333505
2333507
2333508
2333511
2333513
2333514
2333515
2333516
2333521
2333522
2333523
2333524
2333525
2333526
2333528
2333529
2333530
2333531
2333532
2333533
2333539
2333542
2333544
2333546
2333549
2333551
2333554
2333556
2333557
2333559
2333562
2333563
2333568
2333570
2333572
2333573
2333575
2333580
2333581
2333582
2333586
2333591
2333592
2333594
2333596
2333599
2333605
2333606
2333611
2333612
2333615
2333617
2333618
2333619
2333621
2333625
2333626
2333628
2333629
2333630
2333636
2333639
2333640
2333641
2333644
2333646
2333652
2333653
2333655
2333657
2333659
2333660
2333661
2333665
2333666
2333668
2333671
2333679
2333680
2333685
2333691
2333693
2333696
2333697
2333705
2333714
2333716
2333717
2333718
2333719
2333729
2333731
2333734
2333735
2333737
2333740
2333741
2333744
2333745
2333748
2333750
2333753
2333756
2333760
2333762
2333763
2333771
2333772
2333773
2333776
2333778
2333780
2333781
2333785
2333793
2333795
2333797
2333800
2333805
2333811
2333814
2333815
2333817
2333822
2333826
2333830
2333836
2333839
2333844
2333848
2333855
2333856
2333860
2333861
2333863
2333865
2333867
2333872
2333880
2333882
2333883
2333887
2333888
2333889
2333890
2333894
2333896
2333898
2333901
2333903
2333904
2333905
2333908
2333909
2333911
2333914
2333915
2333920
2333921
2333924
2333925
2333930
2333934
2333940
2333946
2333947
2333948
2333949
2333950
2333957
2333958
2333967
2333968
2333972
2333981
2333982
2333984
2333985
2333986
2333990
2333991
2333993
2334000
2334004
2334006
2334010
2334011
2334015
2334021
2334025
2334029
2334032
2334034
2334036
2334037
2334038
2334039
2334045
2334046
2334049
2334052
2334054
2334057
2334058
2334060
2334063
2334064
2334065
2334066
2334068
2334069
2334072
2334074
2334075
2334076
2334078
2334082
2334084
2334090
2334093
2334098
2334107
2334112
2334117
2334121
2334124
2334126
2334127
2334128
2334131
2334133
2334137
2334141
2334142
2334143
2334144
2334145
2334146
2334149
2334154
2334155
2334160
2334162
2334177
2334178
2334181
2334184
2334187
2334188
2334190
2334191
2334192
2334193
2334195
2334196
2334198
2334202
2334203
2334208
2334212
2334215
2334221
2334222
2334223
2334224
2334225
2334226
2334235
2334237
2334240
2334246
2334249
2334251
2334254
2334256
2334260
2334262
2334263
2334266
2334267
2334273
2334274
2334286
2334287
2334289
2334294
2334295
2334297
2334317
2334320
2334322
2334323
2334326
2334331
2334333
2334335
2334337
2334346
2334348
2334351
2334355
2334356
2334359
2334360
2334362
2334363
2334375
2334378
2334379
2334381
2334382
2334383
2334387
2334390
2334393
2334394
2334398
2334399
2334400
2334401
2334404
2334409
2334411
2334412
2334413
2334415
2334417
2334421
2334432
2334435
2334439
2334440
2334444
2334448
2334451
2334452
2334454
2334456
2334458
2334461
2334464
2334465
2334466
2334467
2334468
2334469
2334470
2334472
2334474
2334479
2334486
2334488
2334491
2334499
2334501
2334504
2334507
2334508
2334510
2334513
2334516
2334519
2334522
2334525
2334528
2334529
2334531
2334532
2334534
2334535
2334538
2334541
2334542
2334546
2334552
2334554
2334557
2334560
2334562
2334570
2334571
2334573
2334574
2334575
2334578
2334583
2334586
2334588
2334589
2334591
2334594
2334597
2334599
2334601
2334602
2334603
2334604
2334606
2334607
2334608
2334609
2334611
2334613
2334616
2334620
2334622
2334626
2334627
2334628
2334629
2334631
2334635
2334636
2334638
2334642
2334647
2334652
2334654
2334656
2334661
2334662
2334663
2334664
2334666
2334668
2334669
2334685
2334693
2334696
2334698
2334699
2334701
2334702
2334704
2334706
2334707
2334709
2334710
2334711
2334712
2334713
2334718
2334722
2334723
2334730
2334731
2334733
2334735
2334738
2334741
2334742
2334744
2334746
2334754
2334756
2334757
2334758
2334761
2334764
2334766
2334772
2334775
2334776
2334777
2334779
2334782
2334786
2334787
2334789
2334793
2334800
2334801
2334802
2334804
2334806
2334809
2334810
2334811
2334813
2334814
2334815
2334818
2334820
2334822
2334823
2334824
2334833
2334834
2334836
2334839
2334840
2334844
2334849
2334852
2334855
2334856
2334857
2334863
2334873
2334874
2334875
2334876
2334881
2334883
2334884
2334885
2334899
2334900
2334904
2334906
2334907
2334909
2334910
2334919
2334926
2334927
2334931
2334934
2334936
2334938
2334939
2334940
2334946
2334954
2334955
2334960
2334965
2334966
2334968
2334969
2334970
2334971
2334972
2334973
2334980
2334981
2334982
2334984
2334985
2334987
2334988
2334989
2334994
2334995
2334996
2334997
2334998
2334999
2335002
2335003
2335007
2335010
2335013
2335015
2335017
2335018
2335020
2335021
2335022
2335026
2335029
2335031
2335032
2335036
2335038
2335041
2335042
2335043
2335047
2335048
2335049
2335050
2335052
2335053
2335061
2335062
2335063
2335065
2335068
2335069
2335075
2335078
2335079
2335085
2335089
2335090
2335093
2335095
2335097
2335102
2335103
2335105
2335107
2335108
2335109
2335112
2335117
2335118
2335120
2335129
2335130
2335132
2335136
2335137
2335142
2335146
2335151
2335154
2335155
2335157
2335162
2335164
2335173
2335177
2335179
2335180
2335182
2335185
2335186
2335187
2335189
2335191
2335194
2335200
2335202
2335203
2335205
2335207
2335209
2335211
2335212
2335214
2335217
2335228
2335231
2335233
2335235
2335236
2335237
2335240
2335244
2335245
2335246
2335248
2335250
2335252
2335253
2335256
2335257
2335258
2335265
2335266
2335270
2335271
2335273
2335274
2335275
2335277
2335278
2335287
2335288
2335289
2335290
2335292
2335294
2335297
2335298
2335300
2335301
2335304
2335305
2335307
2335308
2335313
2335315
2335318
2335327
2335328
2335334
2335337
2335338
2335339
2335340
2335341
2335343
2335348
2335351
2335352
2335358
2335362
2335363
2335367
2335371
2335376
2335381
2335388
2335389
2335396
2335399
2335409
2335414
2335415
2335416
2335420
2335423
2335425
2335426
2335429
2335431
2335433
2335437
2335438
2335443
2335453
2335456
2335457
2335458
2335464
2335465
2335466
2335467
2335469
2335474
2335475
2335484
2335485
2335487
2335492
2335493
2335497
2335504
2335507
2335509
2335510
2335512
2335518
2335520
2335525
2335528
2335529
2335530
2335532
2335533
2335535
2335536
2335540
2335544
2335553
2335557
2335558
2335559
2335561
2335563
2335568
2335570
2335573
2335574
2335577
2335581
2335584
2335586
2335587
2335589
2335590
2335591
2335593
2335594
2335595
2335596
2335598
2335600
2335602
2335605
2335607
2335609
2335612
2335613
2335615
2335617
2335619
2335620
2335621
2335627
2335628
2335629
2335630
2335631
2335634
2335636
2335641
2335642
2335644
2335646
2335650
2335658
2335660
2335661
2335664
2335667
2335672
2335673
2335677
2335680
2335683
2335685
2335688
2335689
2335693
2335697
2335698
2335699
2335700
2335701
2335707
2335708
2335711
2335712
2335715
2335716
2335718
2335719
2335720
2335725
2335727
2335728
2335733
2335735
2335739
2335740
2335741
2335742
2335745
2335748
2335751
2335755
2335760
2335761
2335762
2335764
2335765
2335772
2335773
2335780
2335781
2335783
2335784
2335786
2335787
2335797
2335798
2335800
2335808
2335809
2335812
2335814
2335818
2335819
2335823
2335824
2335825
2335826
2335829
2335831
2335832
2335836
2335837
2335843
2335845
2335848
2335850
2335854
2335857
2335859
2335861
2335862
2335864
2335868
2335871
2335872
2335881
2335883
2335884
2335885
2335889
2335890
2335891
2335898
2335901
2335902
2335905
2335907
2335908
2335911
2335914
2335922
2335925
2335926
2335928
2335930
2335932
2335946
2335949
2335951
2335952
2335954
2335958
2335962
2335965
2335966
2335973
2335976
2335977
2335978
2335981
2335982
2335983
2335986
2335987
2335989
2335992
2335994
2335998
2335999
2336002
2336003
2336004
2336009
2336010
2336011
2336013
2336014
2336019
2336020
2336026
2336028
2336034
2336043
2336044
2336045
2336047
2336049
2336051
2336058
2336060
2336062
2336063
2336064
2336067
2336070
2336074
2336076
2336077
2336085
2336086
2336087
2336089
2336091
2336092
2336096
2336097
2336098
2336101
2336104
2336108
2336113
2336121
2336123
2336128
2336129
2336132
2336133
2336135
2336137
2336138
2336141
2336143
2336146
2336147
2336148
2336150
2336154
2336155
2336158
2336159
2336164
2336165
2336166
2336167
2336170
2336172
2336173
2336177
2336178
2336183
2336185
2336188
2336191
2336193
2336196
2336201
2336202
2336205
2336208
2336210
2336211
2336212
2336213
2336220
2336222
2336223
2336224
2336225
2336228
2336231
2336235
2336241
2336242
2336243
2336247
2336254
2336255
2336256
2336260
2336261
2336262
2336263
2336265
2336266
2336270
2336271
2336273
2336274
2336276
2336281
2336282
2336286
2336288
2336291
2336293
2336296
2336300
2336301
2336302
2336305
2336308
2336309
2336315
2336316
2336322
2336326
2336328
2336329
2336330
2336332
2336333
2336334
2336337
2336340
2336343
2336346
2336350
2336357
2336359
2336360
2336362
2336367
2336370
2336374
2336376
2336377
2336379
2336382
2336385
2336386
2336390
2336392
2336393
2336396
2336399
2336400
2336401
2336402
2336406
2336411
2336420
2336425
2336430
2336442
2336443
2336444
2336445
2336453
2336454
2336456
2336459
2336460
2336463
2336464
2336465
2336466
2336473
2336474
2336476
2336477
2336479
2336480
2336481
2336482
2336495
2336496
2336498
2336500
2336506
2336508
2336512
2336519
2336527
2336528
2336529
2336531
2336533
2336534
2336541
2336543
2336544
2336545
2336546
2336547
2336549
2336550
2336551
2336553
2336554
2336558
2336565
2336566
2336567
2336569
2336571
2336572
2336574
2336577
2336578
2336581
2336582
2336583
2336584
2336586
2336587
2336589
2336591
2336592
2336593
2336596
2336597
2336598
2336601
2336602
2336604
2336607
2336608
2336609
2336613
2336617
2336620
2336623
2336629
2336632
2336640
2336645
2336650
2336652
2336653
2336654
2336659
2336660
2336662
2336663
2336664
2336665
2336668
2336670
2336672
2336674
2336677
2336679
2336680
2336681
2336683
2336685
2336687
2336688
2336690
2336691
2336698
2336699
2336701
2336702
2336703
2336707
2336710
2336711
2336712
2336714
2336715
2336717
2336719
2336725
2336726
2336729
2336730
2336733
2336735
2336739
2336743
2336749
2336768
2336773
2336774
2336775
2336779
2336782
2336784
2336785
2336790
2336792
2336793
2336796
2336797
2336798
2336801
2336802
2336806
2336807
2336809
2336811
2336813
2336814
2336818
2336819
2336820
2336821
2336823
2336824
2336826
2336827
2336828
2336829
2336830
2336831
2336834
2336835
2336849
2336851
2336856
2336857
2336859
2336861
2336863
2336865
2336867
2336871
2336874
2336875
2336876
2336879
2336880
2336886
2336891
2336893
2336894
2336895
2336898
2336904
2336906
2336910
2336915
2336918
2336921
2336922
2336923
2336924
2336925
2336928
2336929
2336930
2336934
2336936
2336939
2336941
2336945
2336948
2336949
2336954
2336955
2336960
2336963
2336964
2336966
2336968
2336974
2336975
2336980
2336983
2336984
2336986
2336988
2336992
2336993
2336994
2336996
2337002
2337006
2337008
2337012
2337014
2337016
2337017
2337019
2337022
2337023
2337027
2337032
2337034
2337036
2337037
2337039
2337040
2337041
2337044
2337045
2337047
2337056
2337060
2337061
2337063
2337068
2337070
2337071
2337073
2337074
2337078
2337082
2337084
2337085
2337086
2337089
2337090
2337098
2337100
2337102
2337104
2337105
2337109
2337110
2337117
2337119
2337121
2337123
2337124
2337126
2337128
2337129
2337132
2337144
2337145
2337149
2337150
2337156
2337157
2337161
2337164
2337165
2337166
2337168
2337169
2337174
2337176
2337181
2337183
2337185
2337186
2337188
2337189
2337191
2337192
2337193
2337194
2337195
2337196
2337199
2337200
2337201
2337202
2337205
2337209
2337211
2337212
2337214
2337215
2337220
2337221
2337224
2337233
2337235
2337236
2337238
2337239
2337247
2337250
2337257
2337260
2337261
2337262
2337263
2337266
2337268
2337269
2337275
2337277
2337278
2337282
2337285
2337287
2337291
2337292
2337293
2337295
2337296
2337299
2337305
2337308
2337310
2337311
2337312
2337313
2337316
2337317
2337320
2337321
2337328
2337330
2337333
2337346
2337349
2337351
2337356
2337357
2337358
2337359
2337368
2337375
2337376
2337378
2337381
2337383
2337389
2337391
2337393
2337395
2337396
2337397
2337400
2337402
2337405
2337409
2337410
2337412
2337415
2337418
2337420
2337422
2337424
2337425
2337429
2337430
2337433
2337434
2337436
2337439
2337440
2337441
2337442
2337445
2337446
2337449
2337450
2337451
2337452
2337454
2337458
2337459
2337462
2337463
2337464
2337465
2337470
2337472
2337478
2337480
2337482
2337484
2337485
2337490
2337493
2337494
2337495
2337496
2337497
2337501
2337503
2337506
2337507
2337508
2337510
2337512
2337515
2337517
2337518
2337519
2337520
2337522
2337523
2337524
2337525
2337527
2337528
2337529
2337530
2337532
2337535
2337536
2337539
2337541
2337543
2337545
2337546
2337547
2337550
2337554
2337556
2337557
2337558
2337559
2337561
2337562
2337566
2337567
2337568
2337572
2337575
2337576
2337583
2337584
2337587
2337589
2337596
2337597
2337600
2337601
2337607
2337608
2337609
2337613
2337616
2337621
2337623
2337625
2337626
2337632
2337635
2337640
2337644
2337645
2337647
2337649
2337651
2337652
2337653
2337658
2337663
2337666
2337667
2337669
2337671
2337672
2337676
2337680
2337682
2337686
2337691
2337698
2337699
2337701
2337702
2337703
2337705
2337708
2337709
2337711
2337716
2337718
2337719
2337727
2337729
2337731
2337732
2337733
2337735
2337742
2337743
2337744
2337745
2337746
2337751
2337756
2337757
2337759
2337760
2337761
2337764
2337768
2337769
2337773
2337774
2337775
2337777
2337779
2337785
2337795
2337796
2337798
2337801
2337802
2337803
2337805
2337806
2337807
2337808
2337809
2337810
2337811
2337812
2337815
2337817
2337820
2337822
2337825
2337826
2337827
2337830
2337832
2337834
2337836
2337838
2337839
2337840
2337842
2337844
2337847
2337851
2337856
2337858
2337863
2337866
2337867
2337868
2337875
2337878
2337885
2337889
2337891
2337893
2337894
2337896
2337899
2337900
2337902
2337904
2337905
2337909
2337913
2337917
2337919
2337920
2337924
2337925
2337926
2337931
2337934
2337940
2337943
2337951
2337952
2337956
2337964
2337967
2337969
2337972
2337976
2337977
2337978
2337979
2337980
2337982
2337983
2337985
2337986
2337988
2337989
2337991
2337992
2337993
2337995
2338000
2338001
2338002
2338003
2338009
2338010
2338015
2338018
2338019
2338020
2338024
2338026
2338028
2338029
2338034
2338035
2338036
2338037
2338040
2338042
2338046
2338048
2338049
2338051
2338054
2338056
2338059
2338061
2338064
2338068
2338069
2338073
2338075
2338076
2338078
2338079
2338081
2338082
2338086
2338088
2338090
2338091
2338093
2338096
2338097
2338099
2338102
2338103
2338105
2338106
2338110
2338111
2338117
2338118
2338124
2338127
2338130
2338131
2338133
2338135
2338136
2338143
2338144
2338149
2338152
2338155
2338157
2338159
2338162
2338163
2338164
2338167
2338169
2338170
2338172
2338173
2338174
2338181
2338184
2338187
2338190
2338192
2338194
2338195
2338199
2338201
2338202
2338206
2338208
2338212
2338219
2338221
2338223
2338228
2338229
2338231
2338232
2338233
2338234
2338235
2338237
2338239
2338242
2338245
2338251
2338255
2338256
2338259
2338260
2338262
2338263
2338265
2338269
2338271
2338272
2338275
2338276
2338277
2338278
2338279
2338280
2338284
2338288
2338294
2338297
2338300
2338301
2338302
2338306
2338307
2338315
2338317
2338318
2338319
2338321
2338323
2338324
2338325
2338332
2338337
2338341
2338342
2338343
2338346
2338347
2338353
2338354
2338359
2338360
2338361
2338363
2338365
2338371
2338372
2338374
2338375
2338378
2338379
2338383
2338392
2338393
2338399
2338401
2338404
2338407
2338408
2338412
2338413
2338415
2338419
2338420
2338421
2338422
2338424
2338428
2338431
2338435
2338436
2338438
2338440
2338444
2338445
2338446
2338447
2338449
2338450
2338452
2338454
2338455
2338457
2338460
2338462
2338464
2338470
2338472
2338474
2338477
2338479
2338483
2338484
2338486
2338487
2338491
2338498
2338500
2338502
2338503
2338506
2338512
2338513
2338514
2338519
2338521
2338525
2338527
2338537
2338538
2338542
2338544
2338547
2338550
2338553
2338557
2338561
2338565
2338566
2338568
2338570
2338571
2338574
2338578
2338583
2338584
2338586
2338588
2338592
2338593
2338599
2338602
2338605
2338606
2338609
2338610
2338611
2338612
2338617
2338618
2338619
2338624
2338629
2338630
2338634
2338636
2338638
2338642
2338643
2338644
2338649
2338650
2338651
2338655
2338657
2338658
2338659
2338660
2338663
2338664
2338665
2338674
2338680
2338681
2338682
2338684
2338688
2338689
2338694
2338696
2338698
2338700
2338701
2338704
2338707
2338712
2338715
2338716
2338719
2338721
2338722
2338723
2338724
2338725
2338728
2338733
2338735
2338740
2338742
2338748
2338749
2338750
2338753
2338756
2338757
2338761
2338763
2338765
2338771
2338776
2338778
2338780
2338782
2338783
2338786
2338793
2338795
2338802
2338803
2338805
2338806
2338810
2338811
2338814
2338816
2338817
2338820
2338822
2338825
2338828
2338835
2338837
2338839
2338843
2338846
2338850
2338852
2338857
2338859
2338860
2338861
2338865
2338868
2338871
2338873
2338875
2338877
2338879
2338880
2338885
2338886
2338888
2338889
2338890
2338895
2338896
2338898
2338910
2338911
2338915
2338919
2338920
2338921
2338922
2338927
2338929
2338930
2338931
2338932
2338934
2338935
2338937
2338941
2338943
2338945
2338949
2338951
2338954
2338955
2338956
2338958
2338959
2338960
2338961
2338962
2338963
2338967
2338971
2338972
2338980
2338985
2338986
2338994
2338995
2339005
2339006
2339007
2339009
2339010
2339014
2339018
2339022
2339024
2339027
2339034
2339036
2339039
2339044
2339048
2339049
2339051
2339053
2339055
2339056
2339059
2339061
2339064
2339073
2339075
2339076
2339078
2339079
2339082
2339085
2339087
2339088
2339089
2339091
2339092
2339093
2339104
2339107
2339109
2339112
2339114
2339116
2339121
2339123
2339124
2339130
2339133
2339135
2339140
2339142
2339144
2339145
2339150
2339152
2339154
2339155
2339156
2339158
2339159
2339160
2339166
2339170
2339172
2339175
2339176
2339179
2339181
2339183
2339184
2339185
2339188
2339191
2339199
2339202
2339205
2339206
2339208
2339210
2339212
2339213
2339216
2339219
2339220
2339222
2339224
2339226
2339229
2339230
2339232
2339233
2339235
2339236
2339239
2339240
2339241
2339244
2339245
2339246
2339247
2339248
2339249
2339252
2339253
2339256
2339257
2339260
2339261
2339262
2339266
2339267
2339268
2339269
2339270
2339271
2339272
2339278
2339281
2339289
2339290
2339297
2339299
2339306
2339313
2339314
2339315
2339319
2339322
2339324
2339326
2339329
2339330
2339331
2339337
2339338
2339339
2339343
2339345
2339347
2339348
2339349
2339351
2339355
2339356
2339357
2339359
2339360
2339362
2339364
2339365
2339366
2339367
2339372
2339373
2339374
2339375
2339377
2339378
2339379
2339380
2339384
2339385
2339388
2339391
2339392
2339397
2339400
2339402
2339403
2339405
2339406
2339407
2339409
2339424
2339425
2339426
2339427
2339430
2339431
2339432
2339434
2339436
2339437
2339438
2339439
2339443
2339444
2339445
2339447
2339448
2339457
2339461
2339462
2339466
2339467
2339469
2339470
2339471
2339474
2339475
2339476
2339480
2339481
2339483
2339485
2339487
2339491
2339492
2339499
2339502
2339503
2339504
2339505
2339506
2339507
2339512
2339513
2339514
2339516
2339523
2339524
2339525
2339528
2339529
2339530
2339532
2339534
2339535
2339536
2339538
2339541
2339542
2339543
2339546
2339552
2339554
2339555
2339560
2339561
2339563
2339564
2339565
2339576
2339580
2339581
2339585
2339587
2339589
2339590
2339591
2339592
2339594
2339597
2339599
2339602
2339603
2339605
2339609
2339612
2339613
2339614
2339616
2339617
2339622
2339623
2339626
2339627
2339628
2339632
2339633
2339636
2339638
2339640
2339642
2339643
2339647
2339649
2339650
2339651
2339652
2339653
2339657
2339661
2339664
2339665
2339666
2339667
2339668
2339670
2339671
2339672
2339673
2339675
2339678
2339679
2339681
2339682
2339683
2339686
2339687
2339688
2339693
2339694
2339695
2339697
2339699
2339701
2339702
2339704
2339706
2339710
2339713
2339714
2339718
2339720
2339721
2339726
2339727
2339729
2339731
2339732
2339734
2339735
2339736
2339738
2339739
2339741
2339743
2339745
2339747
2339748
2339750
2339752
2339754
2339755
2339757
2339760
2339763
2339764
2339767
2339769
2339770
2339772
2339773
2339774
2339777
2339780
2339781
2339783
2339789
2339792
2339799
2339802
2339803
2339804
2339810
2339811
2339812
2339813
2339815
2339818
2339819
2339827
2339829
2339830
2339833
2339837
2339838
2339840
2339844
2339845
2339846
2339849
2339850
2339851
2339853
2339855
2339858
2339860
2339866
2339867
2339868
2339871
2339873
2339876
2339881
2339883
2339887
2339892
2339898
2339899
2339904
2339906
2339907
2339908
2339909
2339910
2339913
2339915
2339920
2339924
2339928
2339932
2339933
2339934
2339935
2339937
2339938
2339939
2339940
2339941
2339942
2339945
2339946
2339947
2339948
2339956
2339957
2339958
2339960
2339962
2339964
2339965
2339966
2339969
2339972
2339973
2339976
2339978
2339979
2339980
2339985
2339987
2339988
2339991
2339992
2339993
2339997
2340000
2340002
2340005
2340010
2340011
2340012
2340018
2340019
2340020
2340026
2340031
2340033
2340034
2340035
2340036
2340038
2340039
2340040
2340041
2340042
2340043
2340045
2340046
2340048
2340052
2340056
2340059
2340064
2340067
2340069
2340070
2340071
2340074
2340077
2340079
2340081
2340082
2340088
2340092
2340093
2340094
2340101
2340102
2340106
2340107
2340113
2340114
2340116
2340118
2340127
2340128
2340131
2340132
2340133
2340137
2340138
2340139
2340141
2340145
2340146
2340147
2340155
2340156
2340157
2340160
2340164
2340166
2340167
2340172
2340173
2340174
2340175
2340176
2340177
2340178
2340181
2340185
2340193
2340199
2340201
2340203
2340205
2340206
2340207
2340208
2340209
2340210
2340213
2340214
2340217
2340220
2340224
2340226
2340231
2340234
2340236
2340238
2340240
2340242
2340246
2340249
2340251
2340253
2340254
2340257
2340265
2340274
2340276
2340280
2340287
2340290
2340298
2340299
2340301
2340305
2340306
2340308
2340309
2340310
2340312
2340313
2340315
2340316
2340317
2340319
2340321
2340322
2340324
2340325
2340326
2340327
2340330
2340331
2340333
2340337
2340340
2340341
2340343
2340345
2340347
2340348
2340352
2340353
2340355
2340361
2340371
2340375
2340376
2340377
2340378
2340381
2340383
2340384
2340385
2340386
2340387
2340388
2340389
2340390
2340395
2340398
2340400
2340403
2340407
2340413
2340416
2340417
2340418
2340420
2340421
2340425
2340435
2340436
2340438
2340439
2340440
2340441
2340445
2340446
2340447
2340449
2340455
2340458
2340459
2340461
2340462
2340463
2340465
2340466
2340469
2340471
2340472
2340473
2340474
2340475
2340478
2340479
2340482
2340485
2340487
2340488
2340490
2340492
2340493
2340494
2340495
2340498
2340500
2340501
2340502
2340505
2340506
2340507
2340508
2340511
2340514
2340516
2340519
2340521
2340522
2340524
2340526
2340531
2340535
2340536
2340537
2340538
2340541
2340544
2340546
2340548
2340549
2340550
2340553
2340557
2340559
2340560
2340561
2340565
2340573
2340574
2340575
2340578
2340579
2340585
2340587
2340588
2340589
2340591
2340593
2340594
2340595
2340596
2340597
2340598
2340599
2340602
2340603
2340605
2340606
2340608
2340609
2340610
2340612
2340614
2340621
2340633
2340635
2340638
2340639
2340641
2340643
2340644
2340646
2340656
2340669
2340673
2340675
2340679
2340680
2340683
2340684
2340685
2340686
2340687
2340688
2340689
2340690
2340692
2340693
2340703
2340706
2340710
2340714
2340715
2340726
2340731
2340733
2340734
2340735
2340739
2340741
2340744
2340745
2340748
2340749
2340750
2340758
2340764
2340765
2340766
2340767
2340770
2340775
2340784
2340786
2340787
2340788
2340792
2340798
2340800
2340801
2340803
2340805
2340810
2340814
2340817
2340818
2340819
2340821
2340822
2340823
2340825
2340826
2340827
2340829
2340834
2340835
2340840
2340842
2340845
2340846
2340848
2340851
2340853
2340854
2340855
2340859
2340861
2340868
2340869
2340870
2340871
2340872
2340875
2340876
2340883
2340889
2340890
2340891
2340892
2340893
2340899
2340900
2340902
2340910
2340912
2340913
2340915
2340919
2340920
2340924
2340929
2340932
2340933
2340934
2340935
2340936
2340938
2340941
2340943
2340944
2340947
2340949
2340951
2340952
2340953
2340958
2340959
2340960
2340966
2340967
2340969
2340970
2340972
2340973
2340975
2340976
2340978
2340979
2340981
2340986
2340989
2340990
2340992
2340993
2340997
2340998
2341000
2341003
2341004
2341005
2341007
2341009
2341012
2341013
2341016
2341018
2341019
2341025
2341028
2341030
2341034
2341036
2341044
2341045
2341048
2341050
2341051
2341052
2341053
2341055
2341058
2341059
2341064
2341066
2341068
2341069
2341071
2341072
2341075
2341079
2341080
2341081
2341084
2341086
2341087
2341088
2341090
2341095
2341098
2341099
2341101
2341102
2341105
2341107
2341109
2341112
2341114
2341115
2341116
2341117
2341128
2341132
2341133
2341134
2341135
2341138
2341147
2341148
2341154
2341155
2341156
2341159
2341160
2341162
2341166
2341167
2341170
2341172
2341174
2341176
2341177
2341178
2341180
2341184
2341185
2341191
2341192
2341196
2341198
2341202
2341204
2341205
2341206
2341211
2341213
2341216
2341217
2341218
2341219
2341221
2341222
2341227
2341230
2341231
2341236
2341238
2341239
2341240
2341245
2341246
2341252
2341253
2341254
2341259
2341261
2341265
2341267
2341268
2341270
2341273
2341275
2341278
2341280
2341286
2341287
2341296
2341298
2341300
2341303
2341304
2341305
2341309
2341313
2341318
2341321
2341322
2341328
2341336
2341338
2341342
2341344
2341345
2341346
2341347
2341350
2341351
2341353
2341356
2341358
2341359
2341360
2341361
2341368
2341371
2341373
2341376
2341378
2341383
2341385
2341390
2341391
2341392
2341395
2341396
2341399
2341400
2341402
2341407
2341411
2341413
2341414
2341415
2341416
2341417
2341419
2341420
2341422
2341423
2341424
2341425
2341426
2341427
2341428
2341430
2341431
2341433
2341435
2341437
2341439
2341442
2341443
2341444
2341445
2341446
2341449
2341450
2341456
2341459
2341462
2341466
2341467
2341468
2341469
2341474
2341476
2341479
2341480
2341482
2341487
2341493
2341494
2341498
2341500
2341502
2341505
2341510
2341512
2341513
2341515
2341517
2341518
2341519
2341520
2341521
2341530
2341534
2341536
2341537
2341540
2341541
2341542
2341543
2341545
2341549
2341552
2341553
2341559
2341560
2341562
2341563
2341567
2341569
2341570
2341574
2341575
2341577
2341579
2341580
2341584
2341588
2341589
2341593
2341594
2341596
2341597
2341599
2341602
2341606
2341614
2341617
2341620
2341623
2341626
2341629
2341635
2341637
2341639
2341640
2341641
2341643
2341644
2341645
2341648
2341655
2341659
2341660
2341661
2341662
2341664
2341667
2341670
2341672
2341673
2341674
2341675
2341676
2341677
2341680
2341682
2341684
2341686
2341692
2341697
2341701
2341703
2341704
2341705
2341706
2341709
2341711
2341713
2341714
2341716
2341717
2341719
2341720
2341725
2341726
2341727
2341728
2341732
2341740
2341742
2341744
2341746
2341748
2341757
2341759
2341760
2341766
2341769
2341771
2341774
2341775
2341776
2341778
2341779
2341780
2341782
2341786
2341789
2341792
2341794
2341796
2341798
2341799
2341801
2341802
2341819
2341826
2341831
2341832
2341833
2341835
2341839
2341841
2341842
2341843
2341845
2341846
2341847
2341848
2341852
2341853
2341858
2341859
2341862
2341865
2341867
2341868
2341870
2341874
2341876
2341881
2341882
2341886
2341889
2341891
2341896
2341897
2341899
2341900
2341906
2341908
2341912
2341921
2341925
2341928
2341931
2341932
2341933
2341937
2341942
2341946
2341947
2341949
2341951
2341952
2341955
2341957
2341958
2341963
2341966
2341967
2341968
2341969
2341970
2341972
2341978
2341981
2341983
2341984
2341986
2341988
2341989
2341990
2341991
2341992
2341993
2342000
2342004
2342010
2342015
2342017
2342018
2342020
2342021
2342026
2342027
2342032
2342034
2342040
2342041
2342042
2342045
2342047
2342053
2342056
2342058
2342063
2342065
2342076
2342080
2342081
2342083
2342084
2342085
2342089
2342090
2342091
2342092
2342097
2342103
2342115
2342117
2342119
2342120
2342123
2342135
2342139
2342140
2342147
2342148
2342155
2342156
2342159
2342160
2342161
2342165
2342166
2342168
2342171
2342175
2342181
2342182
2342187
2342188
2342193
2342195
2342196
2342199
2342200
2342203
2342209
2342211
2342213
2342214
2342215
2342220
2342221
2342223
2342227
2342232
2342234
2342235
2342237
2342239
2342240
2342244
2342245
2342248
2342250
2342252
2342253
2342256
2342257
2342259
2342260
2342261
2342266
2342268
2342269
2342270
2342272
2342273
2342275
2342278
2342279
2342282
2342283
2342288
2342292
2342294
2342295
2342299
2342301
2342307
2342308
2342309
2342312
2342316
2342317
2342319
2342323
2342326
2342327
2342329
2342332
2342333
2342335
2342337
2342338
2342340
2342342
2342348
2342352
2342353
2342356
2342362
2342364
2342366
2342371
2342372
2342374
2342375
2342378
2342379
2342381
2342382
2342383
2342387
2342391
2342392
2342395
2342400
2342401
2342404
2342405
2342407
2342409
2342410
2342414
2342416
2342417
2342418
2342420
2342425
2342427
2342431
2342433
2342435
2342436
2342440
2342441
2342443
2342445
2342446
2342448
2342449
2342450
2342452
2342453
2342454
2342456
2342458
2342460
2342462
2342466
2342467
2342468
2342469
2342473
2342480
2342481
2342482
2342487
2342488
2342490
2342497
2342498
2342502
2342510
2342512
2342520
2342522
2342528
2342534
2342535
2342536
2342537
2342539
2342540
2342541
2342542
2342543
2342550
2342551
2342552
2342554
2342557
2342562
2342564
2342566
2342567
2342568
2342569
2342572
2342574
2342576
2342578
2342580
2342582
2342585
2342587
2342592
2342596
2342604
2342608
2342610
2342611
2342612
2342613
2342616
2342620
2342626
2342628
2342632
2342638
2342641
2342642
2342644
2342645
2342646
2342648
2342650
2342655
2342656
2342663
2342664
2342667
2342668
2342674
2342678
2342681
2342683
2342685
2342687
2342688
2342700
2342701
2342703
2342704
2342707
2342708
2342713
2342716
2342717
2342718
2342720
2342721
2342724
2342726
2342727
2342729
2342731
2342733
2342736
2342739
2342740
2342741
2342749
2342751
2342754
2342760
2342762
2342769
2342772
2342774
2342778
2342782
2342784
2342785
2342787
2342788
2342789
2342791
2342792
2342794
2342797
2342800
2342801
2342803
2342804
2342806
2342807
2342809
2342813
2342814
2342815
2342818
2342819
2342822
2342826
2342829
2342832
2342834
2342836
2342837
2342841
2342845
2342849
2342856
2342857
2342858
2342859
2342861
2342862
2342863
2342865
2342869
2342874
2342876
2342879
2342883
2342884
2342885
2342889
2342895
2342900
2342903
2342906
2342910
2342915
2342918
2342919
2342921
2342924
2342935
2342937
2342938
2342944
2342948
2342950
2342951
2342952
2342953
2342956
2342958
2342962
2342964
2342966
2342968
2342971
2342972
2342974
2342975
2342977
2342979
2342984
2342986
2342987
2342988
2342989
2342993
2342994
2342997
2342998
2343005
2343007
2343008
2343009
2343010
2343011
2343019
2343020
2343024
2343028
2343030
2343037
2343038
2343039
2343042
2343045
2343049
2343051
2343057
2343062
2343063
2343064
2343065
2343069
2343070
2343073
2343074
2343077
2343078
2343081
2343086
2343088
2343091
2343092
2343095
2343100
2343101
2343103
2343104
2343105
2343109
2343111
2343118
2343119
2343120
2343125
2343126
2343129
2343130
2343134
2343136
2343138
2343139
2343140
2343141
2343142
2343150
2343153
2343154
2343157
2343158
2343159
2343162
2343164
2343166
2343169
2343171
2343172
2343174
2343175
2343181
2343182
2343187
2343189
2343194
2343195
2343196
2343198
2343200
2343204
2343205
2343206
2343207
2343212
2343213
2343214
2343218
2343223
2343228
2343229
2343232
2343233
2343234
2343237
2343241
2343242
2343243
2343244
2343248
2343254
2343255
2343259
2343265
2343266
2343270
2343273
2343278
2343280
2343281
2343282
2343284
2343287
2343288
2343289
2343290
2343293
2343295
2343296
2343298
2343300
2343302
2343304
2343307
2343308
2343310
2343312
2343314
2343321
2343325
2343329
2343330
2343336
2343337
2343338
2343340
2343342
2343352
2343353
2343355
2343357
2343358
2343364
2343365
2343366
2343367
2343370
2343374
2343375
2343379
2343381
2343382
2343384
2343386
2343388
2343390
2343391
2343396
2343397
2343399
2343402
2343404
2343405
2343406
2343410
2343414
2343417
2343419
2343428
2343430
2343432
2343435
2343436
2343444
2343446
2343449
2343452
2343459
2343463
2343464
2343472
2343473
2343474
2343476
2343483
2343485
2343487
2343489
2343492
2343494
2343498
2343499
2343500
2343501
2343502
2343503
2343505
2343510
2343513
2343517
2343522
2343524
2343525
2343527
2343528
2343535
2343539
2343540
2343541
2343542
2343543
2343546
2343548
2343550
2343551
2343553
2343555
2343558
2343560
2343561
2343563
2343564
2343569
2343570
2343571
2343573
2343574
2343575
2343576
2343578
2343581
2343583
2343587
2343589
2343596
2343599
2343603
2343604
2343608
2343610
2343611
2343613
2343614
2343615
2343616
2343620
2343623
2343628
2343629
2343632
2343633
2343638
2343642
2343643
2343645
2343646
2343647
2343649
2343650
2343651
2343652
2343655
2343656
2343659
2343661
2343662
2343664
2343670
2343671
2343672
2343673
2343675
2343681
2343683
2343690
2343691
2343696
2343699
2343700
2343704
2343707
2343708
2343709
2343710
2343711
2343713
2343714
2343715
2343718
2343719
2343720
2343721
2343725
2343726
2343728
2343731
2343733
2343736
2343738
2343743
2343745
2343746
2343747
2343754
2343759
2343763
2343764
2343766
2343771
2343772
2343776
2343777
2343778
2343779
2343781
2343782
2343783
2343791
2343792
2343793
2343798
2343799
2343800
2343801
2343819
2343822
2343823
2343825
2343827
2343828
2343834
2343836
2343837
2343838
2343839
2343841
2343844
2343846
2343850
2343851
2343853
2343857
2343864
2343865
2343867
2343870
2343871
2343874
2343880
2343881
2343886
2343889
2343892
2343893
2343894
2343898
2343901
2343903
2343904
2343908
2343910
2343911
2343913
2343914
2343917
2343922
2343923
2343924
2343925
2343929
2343930
2343934
2343937
2343938
2343939
2343954
2343955
2343958
2343967
2343972
2343973
2343979
2343980
2343982
2343983
2343984
2343986
2343988
2343990
2343992
2343994
2343996
2343997
2343998
2344004
2344006
2344007
2344008
2344010
2344011
2344014
2344018
2344019
2344022
2344023
2344024
2344031
2344037
2344047
2344048
2344057
2344058
2344059
2344060
2344062
2344064
2344070
2344072
2344073
2344075
2344076
2344079
2344080
2344083
2344084
2344088
2344090
2344098
2344099
2344100
2344101
2344106
2344117
2344118
2344123
2344124
2344127
2344130
2344147
2344148
2344153
2344160
2344162
2344163
2344165
2344166
2344169
2344170
2344175
2344176
2344179
2344181
2344186
2344188
2344189
2344193
2344197
2344198
2344199
2344202
2344206
2344212
2344215
2344218
2344223
2344225
2344230
2344234
2344237
2344240
2344243
2344246
2344247
2344250
2344251
2344258
2344259
2344262
2344264
2344267
2344268
2344271
2344278
2344280
2344281
2344283
2344284
2344288
2344294
2344297
2344302
2344304
2344305
2344309
2344312
2344313
2344314
2344315
2344321
2344326
2344327
2344329
2344330
2344332
2344334
2344336
2344339
2344341
2344342
2344343
2344349
2344351
2344352
2344356
2344357
2344359
2344360
2344362
2344363
2344365
2344366
2344367
2344368
2344376
2344378
2344379
2344383
2344384
2344386
2344387
2344388
2344389
2344391
2344394
2344396
2344407
2344410
2344412
2344419
2344421
2344423
2344426
2344430
2344431
2344434
2344436
2344437
2344439
2344446
2344447
2344450
2344455
2344456
2344458
2344462
2344470
2344477
2344478
2344483
2344485
2344491
2344492
2344494
2344496
2344500
2344504
2344507
2344509
2344510
2344512
2344514
2344515
2344516
2344520
2344525
2344526
2344528
2344530
2344531
2344533
2344536
2344538
2344539
2344543
2344544
2344545
2344546
2344548
2344549
2344550
2344552
2344554
2344558
2344562
2344564
2344565
2344567
2344569
2344571
2344573
2344574
2344578
2344579
2344581
2344584
2344585
2344586
2344589
2344593
2344597
2344598
2344602
2344604
2344606
2344609
2344610
2344616
2344617
2344618
2344621
2344624
2344625
2344627
2344630
2344631
2344633
2344639
2344640
2344641
2344645
2344647
2344649
2344650
2344653
2344655
2344659
2344660
2344661
2344663
2344664
2344666
2344668
2344669
2344670
2344672
2344674
2344676
2344677
2344686
2344687
2344690
2344693
2344696
2344697
2344699
2344705
2344709
2344710
2344711
2344717
2344720
2344727
2344728
2344729
2344730
2344733
2344735
2344736
2344737
2344742
2344744
2344751
2344756
2344757
2344759
2344760
2344761
2344762
2344763
2344768
2344769
2344775
2344777
2344784
2344785
2344787
2344793
2344794
2344801
2344803
2344804
2344806
2344810
2344812
2344814
2344816
2344823
2344824
2344826
2344827
2344831
2344832
2344834
2344841
2344842
2344845
2344846
2344848
2344849
2344850
2344851
2344853
2344857
2344858
2344862
2344864
2344866
2344867
2344868
2344870
2344872
2344874
2344876
2344878
2344881
2344882
2344884
2344886
2344888
2344897
2344899
2344900
2344905
2344908
2344912
2344915
2344918
2344921
2344922
2344929
2344930
2344934
2344935
2344941
2344943
2344944
2344946
2344949
2344955
2344956
2344958
2344966
2344967
2344969
2344970
2344971
2344977
2344979
2344981
2344983
2344984
2344985
2344987
2344989
2344991
2344992
2344998
2344999
2345013
2345015
2345017
2345019
2345022
2345030
2345034
2345038
2345043
2345046
2345047
2345053
2345054
2345060
2345063
2345064
2345069
2345073
2345074
2345080
2345081
2345084
2345086
2345088
2345090
2345092
2345094
2345095
2345097
2345098
2345101
2345102
2345104
2345107
2345108
2345110
2345112
2345114
2345115
2345116
2345121
2345125
2345126
2345128
2345130
2345133
2345137
2345139
2345141
2345142
2345146
2345150
2345156
2345158
2345161
2345165
2345166
2345167
2345169
2345171
2345179
2345180
2345181
2345184
2345187
2345192
2345193
2345194
2345197
2345200
2345201
2345202
2345207
2345208
2345209
2345213
2345214
2345215
2345217
2345218
2345224
2345225
2345226
2345230
2345231
2345232
2345233
2345237
2345242
2345243
2345244
2345245
2345246
2345248
2345249
2345250
2345253
2345254
2345255
2345256
2345257
2345261
2345267
2345269
2345270
2345271
2345274
2345276
2345277
2345278
2345279
2345280
2345281
2345287
2345288
2345289
2345292
2345294
2345300
2345303
2345304
2345305
2345307
2345310
2345311
2345312
2345314
2345316
2345318
2345320
2345323
2345325
2345327
2345328
2345329
2345330
2345334
2345340
2345341
2345349
2345351
2345354
2345365
2345366
2345368
2345379
2345381
2345382
2345383
2345385
2345387
2345389
2345391
2345395
2345401
2345403
2345408
2345410
2345417
2345424
2345426
2345427
2345428
2345435
2345437
2345438
2345439
2345449
2345452
2345453
2345460
2345461
2345464
2345466
2345469
2345473
2345476
2345485
2345486
2345487
2345492
2345495
2345499
2345505
2345506
2345508
2345511
2345514
2345516
2345523
2345524
2345525
2345528
2345531
2345532
2345533
2345534
2345536
2345538
2345543
2345546
2345548
2345549
2345562
2345565
2345566
2345569
2345570
2345571
2345572
2345574
2345577
2345578
2345579
2345582
2345583
2345585
2345588
2345589
2345590
2345591
2345598
2345600
2345601
2345602
2345605
2345609
2345610
2345617
2345620
2345621
2345624
2345628
2345632
2345633
2345635
2345640
2345641
2345642
2345643
2345645
2345649
2345652
2345653
2345655
2345658
2345660
2345663
2345664
2345665
2345667
2345670
2345671
2345676
2345677
2345678
2345679
2345680
2345681
2345683
2345684
2345691
2345692
2345696
2345697
2345698
2345699
2345702
2345704
2345705
2345708
2345711
2345713
2345716
2345720
2345726
2345727
2345728
2345731
2345732
2345739
2345741
2345742
2345744
2345746
2345747
2345749
2345750
2345751
2345753
2345754
2345757
2345760
2345761
2345762
2345764
2345765
2345767
2345771
2345772
2345775
2345776
2345777
2345780
2345785
2345787
2345789
2345792
2345794
2345795
2345797
2345798
2345799
2345800
2345811
2345822
2345825
2345829
2345831
2345834
2345836
2345839
2345841
2345845
2345846
2345847
2345849
2345853
2345855
2345858
2345861
2345863
2345868
2345871
2345872
2345876
2345879
2345881
2345883
2345886
2345891
2345892
2345893
2345894
2345896
2345898
2345899
2345905
2345916
2345924
2345927
2345930
2345932
2345937
2345940
2345942
2345944
2345947
2345949
2345950
2345951
2345953
2345954
2345962
2345966
2345967
2345971
2345972
2345973
2345977
2345983
2345985
2345987
2345990
2345991
2345994
2345996
2346000
2346002
2346003
2346004
2346005
2346007
2346010
2346011
2346012
2346013
2346016
2346019
2346021
2346024
2346026
2346027
2346028
2346033
2346037
2346044
2346046
2346050
2346052
2346053
2346059
2346066
2346073
2346074
2346075
2346082
2346083
2346087
2346088
2346091
2346093
2346094
2346100
2346101
2346103
2346105
2346107
2346108
2346111
2346120
2346124
2346125
2346130
2346133
2346134
2346135
2346136
2346137
2346139
2346145
2346146
2346147
2346153
2346154
2346157
2346159
2346167
2346169
2346171
2346174
2346175
2346176
2346177
2346178
2346180
2346182
2346183
2346186
2346190
2346192
2346193
2346198
2346202
2346204
2346205
2346206
2346208
2346209
2346210
2346212
2346213
2346218
2346220
2346221
2346222
2346226
2346228
2346229
2346233
2346234
2346235
2346237
2346238
2346239
2346240
2346241
2346242
2346245
2346246
2346247
2346248
2346251
2346252
2346254
2346255
2346258
2346267
2346269
2346270
2346274
2346275
2346276
2346278
2346279
2346285
2346292
2346294
2346301
2346304
2346305
2346308
2346314
2346317
2346320
2346326
2346331
2346332
2346334
2346338
2346340
2346344
2346346
2346347
2346348
2346349
2346350
2346352
2346354
2346356
2346357
2346359
2346360
2346361
2346363
2346366
2346373
2346374
2346375
2346376
2346382
2346383
2346384
2346385
2346386
2346387
2346390
2346392
2346402
2346408
2346410
2346412
2346414
2346417
2346419
2346422
2346424
2346426
2346427
2346428
2346433
2346437
2346445
2346447
2346453
2346454
2346455
2346458
2346464
2346466
2346468
2346470
2346472
2346480
2346486
2346494
2346495
2346498
2346503
2346504
2346505
2346508
2346509
2346512
2346513
2346516
2346518
2346520
2346521
2346522
2346525
2346527
2346529
2346532
2346533
2346534
2346535
2346536
2346538
2346542
2346548
2346550
2346551
2346552
2346557
2346558
2346559
2346564
2346565
2346566
2346568
2346569
2346570
2346573
2346574
2346575
2346577
2346582
2346591
2346599
2346601
2346602
2346603
2346604
2346608
2346611
2346613
2346617
2346621
2346622
2346623
2346625
2346627
2346628
2346629
2346630
2346631
2346634
2346638
2346645
2346648
2346649
2346650
2346653
2346655
2346656
2346658
2346659
2346660
2346662
2346663
2346664
2346669
2346670
2346672
2346673
2346675
2346676
2346677
2346681
2346686
2346687
2346689
2346690
2346691
2346696
2346698
2346704
2346706
2346710
2346713
2346716
2346720
2346725
2346731
2346732
2346733
2346736
2346737
2346738
2346739
2346743
2346744
2346751
2346753
2346755
2346756
2346757
2346765
2346767
2346769
2346770
2346771
2346772
2346777
2346778
2346780
2346781
2346784
2346786
2346789
2346791
2346792
2346793
2346794
2346797
2346798
2346799
2346800
2346801
2346802
2346805
2346806
2346816
2346817
2346818
2346819
2346831
2346834
2346835
2346839
2346842
2346843
2346851
2346852
2346855
2346856
2346857
2346858
2346860
2346861
2346862
2346864
2346873
2346874
2346878
2346879
2346882
2346883
2346894
2346895
2346899
2346902
2346904
2346905
2346906
2346907
2346908
2346910
2346920
2346921
2346927
2346930
2346932
2346938
2346939
2346940
2346941
2346943
2346945
2346947
2346949
2346950
2346957
2346958
2346959
2346960
2346961
2346966
2346969
2346972
2346974
2346975
2346980
2346984
2346986
2346987
2346989
2346995
2347004
2347006
2347008
2347009
2347010
2347011
2347012
2347015
2347016
2347020
2347022
2347027
2347028
2347029
2347030
2347031
2347033
2347037
2347038
2347039
2347041
2347044
2347045
2347048
2347049
2347053
2347054
2347057
2347061
2347062
2347066
2347069
2347073
2347078
2347079
2347082
2347084
2347085
2347086
2347090
2347091
2347092
2347096
2347097
2347098
2347100
2347103
2347105
2347106
2347108
2347117
2347118
2347119
2347120
2347123
2347124
2347125
2347128
2347132
2347134
2347136
2347138
2347139
2347140
2347143
2347147
2347149
2347155
2347158
2347163
2347168
2347169
2347171
2347174
2347178
2347181
2347182
2347184
2347186
2347187
2347188
2347189
2347195
2347196
2347197
2347199
2347200
2347202
2347203
2347205
2347210
2347216
2347218
2347220
2347221
2347222
2347223
2347224
2347225
2347226
2347228
2347231
2347235
2347236
2347238
2347240
2347243
2347244
2347245
2347246
2347247
2347253
2347255
2347257
2347258
2347260
2347264
2347265
2347267
2347275
2347276
2347280
2347282
2347283
2347284
2347285
2347290
2347291
2347293
2347294
2347295
2347296
2347299
2347301
2347305
2347306
2347307
2347310
2347312
2347314
2347318
2347321
2347325
2347327
2347328
2347329
2347331
2347332
2347334
2347335
2347341
2347342
2347344
2347347
2347348
2347351
2347352
2347355
2347358
2347359
2347362
2347363
2347366
2347367
2347372
2347374
2347379
2347381
2347383
2347386
2347389
2347390
2347393
2347394
2347395
2347400
2347403
2347405
2347410
2347414
2347418
2347420
2347421
2347423
2347428
2347429
2347430
2347432
2347433
2347436
2347439
2347443
2347445
2347451
2347453
2347454
2347455
2347456
2347457
2347462
2347465
2347469
2347473
2347478
2347484
2347486
2347487
2347489
2347491
2347492
2347495
2347498
2347499
2347502
2347504
2347505
2347506
2347516
2347517
2347518
2347519
2347521
2347523
2347527
2347530
2347531
2347535
2347537
2347538
2347539
2347543
2347547
2347550
2347551
2347554
2347556
2347563
2347565
2347568
2347570
2347571
2347572
2347575
2347576
2347577
2347580
2347582
2347584
2347586
2347591
2347594
2347595
2347597
2347599
2347601
2347604
2347605
2347606
2347607
2347613
2347614
2347615
2347618
2347621
2347622
2347625
2347627
2347629
2347631
2347634
2347637
2347638
2347639
2347641
2347643
2347647
2347649
2347651
2347657
2347658
2347661
2347663
2347666
2347669
2347671
2347672
2347677
2347681
2347683
2347684
2347685
2347687
2347690
2347692
2347695
2347698
2347700
2347704
2347707
2347709
2347711
2347712
2347715
2347720
2347721
2347723
2347725
2347726
2347728
2347730
2347734
2347737
2347738
2347741
2347743
2347744
2347749
2347754
2347755
2347756
2347757
2347763
2347765
2347768
2347769
2347771
2347772
2347775
2347777
2347779
2347780
2347790
2347793
2347796
2347797
2347801
2347803
2347808
2347810
2347811
2347814
2347815
2347817
2347818
2347820
2347823
2347825
2347826
2347827
2347829
2347831
2347837
2347838
2347839
2347840
2347843
2347844
2347846
2347847
2347848
2347849
2347851
2347852
2347853
2347855
2347856
2347866
2347869
2347870
2347874
2347876
2347877
2347878
2347879
2347880
2347881
2347884
2347885
2347887
2347888
2347891
2347893
2347894
2347895
2347898
2347900
2347905
2347906
2347910
2347912
2347913
2347917
2347921
2347926
2347928
2347929
2347930
2347932
2347933
2347935
2347938
2347939
2347940
2347941
2347942
2347943
2347944
2347945
2347948
2347949
2347951
2347952
2347953
2347955
2347960
2347961
2347965
2347966
2347972
2347974
2347976
2347977
2347978
2347982
2347983
2347984
2347986
2347988
2347989
2347990
2347992
2347994
2347997
2347998
2348000
2348001
2348002
2348004
2348008
2348013
2348015
2348019
2348020
2348022
2348025
2348028
2348031
2348032
2348034
2348037
2348038
2348040
2348043
2348047
2348053
2348058
2348059
2348063
2348069
2348073
2348074
2348079
2348082
2348083
2348085
2348086
2348087
2348088
2348089
2348091
2348094
2348100
2348106
2348107
2348109
2348111
2348114
2348115
2348118
2348126
2348129
2348131
2348132
2348135
2348138
2348141
2348144
2348152
2348153
2348154
2348158
2348159
2348163
2348165
2348170
2348175
2348178
2348179
2348180
2348181
2348185
2348187
2348192
2348194
2348198
2348199
2348203
2348205
2348209
2348210
2348211
2348218
2348219
2348222
2348223
2348226
2348229
2348231
2348241
2348243
2348246
2348250
2348252
2348253
2348256
2348260
2348261
2348262
2348266
2348267
2348272
2348273
2348276
2348279
2348280
2348281
2348282
2348284
2348285
2348289
2348291
2348292
2348294
2348297
2348298
2348299
2348300
2348301
2348302
2348303
2348306
2348307
2348308
2348309
2348310
2348312
2348313
2348316
2348319
2348321
2348323
2348325
2348326
2348334
2348337
2348338
2348339
2348347
2348349
2348350
2348353
2348358
2348359
2348360
2348364
2348366
2348368
2348370
2348371
2348378
2348386
2348387
2348391
2348392
2348398
2348399
2348401
2348406
2348411
2348415
2348416
2348417
2348419
2348423
2348424
2348426
2348428
2348431
2348435
2348441
2348446
2348451
2348452
2348456
2348457
2348460
2348465
2348471
2348474
2348476
2348478
2348481
2348485
2348487
2348490
2348497
2348499
2348500
2348501
2348502
2348506
2348507
2348510
2348511
2348513
2348514
2348516
2348517
2348521
2348522
2348526
2348527
2348530
2348532
2348533
2348534
2348537
2348538
2348539
2348540
2348542
2348544
2348545
2348546
2348553
2348556
2348559
2348560
2348572
2348573
2348574
2348577
2348580
2348583
2348586
2348588
2348600
2348601
2348602
2348605
2348606
2348608
2348609
2348612
2348614
2348615
2348616
2348617
2348619
2348620
2348622
2348625
2348627
2348629
2348630
2348634
2348636
2348637
2348639
2348640
2348642
2348643
2348646
2348647
2348648
2348649
2348651
2348653
2348655
2348657
2348658
2348663
2348665
2348666
2348672
2348674
2348677
2348678
2348679
2348680
2348682
2348683
2348685
2348687
2348689
2348691
2348692
2348696
2348701
2348703
2348705
2348707
2348710
2348712
2348715
2348717
2348718
2348720
2348725
2348729
2348730
2348731
2348733
2348734
2348735
2348736
2348738
2348745
2348748
2348756
2348757
2348762
2348765
2348767
2348769
2348772
2348773
2348774
2348775
2348776
2348778
2348780
2348782
2348783
2348786
2348788
2348792
2348795
2348797
2348799
2348800
2348804
2348806
2348816
2348817
2348822
2348823
2348828
2348829
2348831
2348832
2348836
2348838
2348840
2348842
2348843
2348846
2348849
2348850
2348851
2348852
2348859
2348865
2348867
2348869
2348870
2348871
2348878
2348880
2348881
2348888
2348889
2348892
2348894
2348898
2348902
2348903
2348906
2348909
2348910
2348911
2348913
2348914
2348917
2348922
2348924
2348928
2348929
2348930
2348932
2348933
2348937
2348938
2348944
2348946
2348950
2348954
2348955
2348956
2348957
2348959
2348967
2348968
2348969
2348971
2348973
2348978
2348979
2348980
2348982
2348983
2348985
2348987
2348988
2348995
2348996
2348997
2348999
2349000
2349007
2349008
2349010
2349011
2349014
2349015
2349019
2349024
2349025
2349031
2349033
2349034
2349035
2349038
2349039
2349040
2349041
2349045
2349046
2349048
2349050
2349054
2349058
2349061
2349063
2349064
2349066
2349070
2349072
2349080
2349089
2349090
2349093
2349096
2349097
2349099
2349101
2349112
2349113
2349114
2349115
2349117
2349118
2349126
2349129
2349130
2349131
2349132
2349134
2349137
2349138
2349140
2349143
2349146
2349147
2349152
2349154
2349155
2349156
2349157
2349162
2349164
2349165
2349167
2349170
2349171
2349174
2349175
2349176
2349179
2349182
2349194
2349196
2349197
2349198
2349202
2349204
2349205
2349206
2349207
2349209
2349211
2349216
2349217
2349223
2349224
2349231
2349233
2349235
2349236
2349237
2349242
2349244
2349245
2349247
2349251
2349252
2349253
2349257
2349260
2349261
2349267
2349269
2349271
2349274
2349276
2349278
2349281
2349282
2349283
2349284
2349289
2349290
2349293
2349295
2349298
2349299
2349300
2349301
2349302
2349304
2349306
2349311
2349312
2349315
2349318
2349322
2349324
2349325
2349328
2349339
2349343
2349346
2349356
2349357
2349358
2349359
2349363
2349366
2349367
2349371
2349372
2349374
2349377
2349381
2349383
2349385
2349387
2349392
2349394
2349397
2349404
2349406
2349407
2349413
2349414
2349417
2349418
2349420
2349421
2349424
2349426
2349427
2349428
2349429
2349432
2349433
2349434
2349436
2349438
2349442
2349444
2349447
2349450
2349453
2349454
2349455
2349461
2349465
2349466
2349470
2349475
2349477
2349479
2349482
2349483
2349486
2349489
2349492
2349498
2349501
2349502
2349504
2349509
2349510
2349515
2349518
2349519
2349520
2349524
2349525
2349526
2349527
2349529
2349531
2349532
2349533
2349534
2349536
2349540
2349541
2349544
2349545
2349548
2349556
2349560
2349569
2349570
2349571
2349572
2349573
2349574
2349575
2349577
2349580
2349582
2349584
2349586
2349587
2349588
2349596
2349597
2349598
2349599
2349600
2349601
2349605
2349606
2349608
2349610
2349611
2349612
2349613
2349614
2349616
2349617
2349618
2349626
2349627
2349630
2349631
2349638
2349641
2349643
2349644
2349645
2349647
2349649
2349651
2349652
2349653
2349659
2349667
2349668
2349669
2349670
2349672
2349673
2349676
2349681
2349687
2349688
2349690
2349691
2349692
2349693
2349698
2349699
2349700
2349702
2349704
2349705
2349707
2349708
2349709
2349714
2349715
2349726
2349728
2349729
2349730
2349735
2349736
2349737
2349740
2349744
2349748
2349749
2349753
2349754
2349755
2349756
2349757
2349761
2349763
2349765
2349766
2349771
2349772
2349774
2349778
2349780
2349783
2349784
2349785
2349786
2349789
2349790
2349792
2349796
2349797
2349804
2349805
2349807
2349808
2349810
2349811
2349812
2349815
2349816
2349817
2349820
2349821
2349822
2349824
2349825
2349834
2349835
2349841
2349846
2349852
2349855
2349857
2349858
2349859
2349860
2349865
2349867
2349877
2349878
2349882
2349888
2349889
2349893
2349896
2349897
2349902
2349903
2349904
2349905
2349910
2349915
2349917
2349919
2349922
2349924
2349926
2349928
2349943
2349944
2349945
2349946
2349952
2349953
2349954
2349955
2349964
2349965
2349969
2349972
2349977
2349978
2349980
2349987
2349988
2349990
2349992
2349995
2349997
2349998
2349999
2350000
2350001
2350007
2350009
2350010
2350012
2350016
2350017
2350024
2350025
2350027
2350028
2350029
2350031
2350036
2350037
2350041
2350042
2350044
2350046
2350052
2350054
2350058
2350060
2350064
2350065
2350071
2350072
2350080
2350081
2350082
2350088
2350097
2350100
2350101
2350103
2350104
2350109
2350110
2350111
2350118
2350122
2350123
2350127
2350129
2350134
2350136
2350137
2350138
2350140
2350145
2350147
2350148
2350154
2350162
2350163
2350165
2350166
2350167
2350170
2350173
2350174
2350179
2350181
2350183
2350192
2350193
2350196
2350197
2350201
2350203
2350204
2350205
2350206
2350208
2350210
2350215
2350218
2350221
2350225
2350227
2350229
2350230
2350232
2350234
2350235
2350237
2350239
2350241
2350242
2350244
2350246
2350247
2350248
2350249
2350251
2350252
2350257
2350265
2350266
2350267
2350268
2350273
2350274
2350277
2350279
2350280
2350284
2350286
2350295
2350296
2350298
2350299
2350300
2350306
2350309
2350314
2350315
2350316
2350317
2350318
2350322
2350324
2350325
2350326
2350329
2350330
2350331
2350333
2350334
2350335
2350339
2350347
2350349
2350355
2350358
2350359
2350361
2350362
2350364
2350366
2350367
2350376
2350377
2350381
2350384
2350390
2350392
2350397
2350402
2350409
2350410
2350416
2350417
2350421
2350422
2350423
2350429
2350430
2350431
2350434
2350435
2350437
2350439
2350440
2350442
2350443
2350444
2350446
2350447
2350449
2350451
2350452
2350455
2350456
2350458
2350459
2350460
2350461
2350466
2350468
2350475
2350477
2350480
2350483
2350487
2350489
2350490
2350492
2350493
2350494
2350497
2350501
2350502
2350505
2350506
2350510
2350511
2350518
2350520
2350524
2350526
2350527
2350529
2350532
2350534
2350536
2350537
2350538
2350539
2350540
2350541
2350543
2350549
2350552
2350554
2350558
2350559
2350562
2350563
2350566
2350567
2350568
2350572
2350573
2350574
2350579
2350580
2350582
2350583
2350584
2350587
2350590
2350593
2350595
2350598
2350601
2350604
2350609
2350610
2350611
2350613
2350614
2350619
2350623
2350624
2350625
2350626
2350627
2350632
2350635
2350636
2350638
2350639
2350640
2350646
2350648
2350649
2350653
2350657
2350659
2350666
2350671
2350672
2350674
2350676
2350677
2350678
2350680
2350685
2350690
2350692
2350693
2350694
2350697
2350698
2350706
2350708
2350711
2350716
2350717
2350723
2350729
2350730
2350731
2350737
2350738
2350742
2350744
2350746
2350748
2350752
2350753
2350756
2350757
2350759
2350760
2350761
2350763
2350765
2350766
2350767
2350772
2350773
2350774
2350779
2350780
2350786
2350788
2350789
2350791
2350796
2350797
2350801
2350805
2350807
2350811
2350817
2350818
2350820
2350821
2350822
2350823
2350824
2350828
2350829
2350830
2350832
2350838
2350841
2350845
2350848
2350851
2350852
2350856
2350860
2350872
2350874
2350876
2350878
2350881
2350884
2350885
2350886
2350887
2350889
2350892
2350898
2350906
2350907
2350910
2350912
2350913
2350914
2350918
2350919
2350920
2350922
2350924
2350925
2350928
2350933
2350934
2350938
2350942
2350947
2350948
2350949
2350950
2350951
2350953
2350955
2350956
2350962
2350964
2350966
2350967
2350970
2350971
2350972
2350973
2350978
2350980
2350985
2350986
2350987
2350988
2350991
2350993
2350996
2350997
2350998
2350999
2351002
2351003
2351007
2351008
2351010
2351011
2351013
2351016
2351018
2351020
2351024
2351026
2351027
2351033
2351034
2351035
2351037
2351038
2351040
2351044
2351045
2351051
2351052
2351055
2351058
2351062
2351068
2351070
2351073
2351074
2351076
2351077
2351079
2351081
2351084
2351085
2351087
2351088
2351089
2351090
2351095
2351097
2351102
2351103
2351106
2351107
2351108
2351109
2351115
2351116
2351117
2351118
2351119
2351123
2351124
2351131
2351132
2351133
2351134
2351156
2351157
2351161
2351162
2351165
2351167
2351169
2351171
2351176
2351178
2351182
2351183
2351184
2351187
2351189
2351191
2351194
2351195
2351196
2351201
2351203
2351204
2351208
2351209
2351211
2351215
2351219
2351227
2351231
2351238
2351239
2351240
2351241
2351243
2351246
2351248
2351253
2351256
2351257
2351260
2351262
2351264
2351266
2351268
2351269
2351270
2351272
2351273
2351277
2351284
2351286
2351287
2351288
2351290
2351294
2351296
2351301
2351302
2351305
2351309
2351310
2351311
2351313
2351315
2351316
2351317
2351318
2351321
2351322
2351323
2351325
2351330
2351332
2351334
2351335
2351337
2351340
2351341
2351346
2351352
2351354
2351355
2351356
2351360
2351364
2351365
2351367
2351369
2351376
2351378
2351379
2351385
2351386
2351388
2351389
2351390
2351392
2351393
2351394
2351399
2351401
2351403
2351404
2351409
2351410
2351412
2351414
2351415
2351416
2351420
2351421
2351423
2351428
2351429
2351430
2351432
2351433
2351437
2351438
2351440
2351442
2351443
2351444
2351447
2351452
2351456
2351457
2351458
2351459
2351460
2351461
2351462
2351465
2351466
2351468
2351471
2351472
2351474
2351478
2351480
2351483
2351485
2351487
2351501
2351503
2351506
2351509
2351513
2351517
2351518
2351520
2351521
2351522
2351527
2351533
2351538
2351540
2351542
2351545
2351547
2351548
2351554
2351555
2351557
2351558
2351559
2351564
2351569
2351572
2351573
2351574
2351576
2351577
2351578
2351579
2351581
2351582
2351584
2351592
2351595
2351596
2351597
2351600
2351601
2351604
2351605
2351611
2351615
2351619
2351628
2351630
2351632
2351633
2351634
2351636
2351640
2351645
2351646
2351647
2351648
2351651
2351652
2351653
2351655
2351656
2351658
2351659
2351662
2351664
2351667
2351668
2351669
2351670
2351672
2351673
2351675
2351683
2351684
2351691
2351693
2351697
2351701
2351704
2351705
2351707
2351712
2351715
2351717
2351718
2351719
2351723
2351724
2351725
2351726
2351727
2351728
2351729
2351730
2351732
2351739
2351747
2351748
2351754
2351755
2351756
2351759
2351760
2351762
2351763
2351772
2351773
2351776
2351777
2351785
2351788
2351790
2351791
2351794
2351795
2351796
2351798
2351800
2351801
2351803
2351804
2351805
2351806
2351807
2351808
2351812
2351813
2351815
2351821
2351824
2351825
2351826
2351832
2351833
2351838
2351839
2351843
2351844
2351845
2351848
2351852
2351854
2351864
2351868
2351877
2351880
2351881
2351886
2351887
2351891
2351892
2351893
2351900
2351902
2351906
2351907
2351908
2351910
2351915
2351916
2351920
2351925
2351929
2351931
2351932
2351934
2351935
2351940
2351945
2351947
2351948
2351950
2351952
2351953
2351954
2351958
2351959
2351970
2351972
2351975
2351976
2351977
2351980
2351985
2351987
2351988
2351990
2351991
2351992
2351998
2352001
2352002
2352005
2352009
2352013
2352016
2352028
2352030
2352033
2352040
2352042
2352043
2352046
2352050
2352051
2352052
2352053
2352057
2352059
2352060
2352067
2352069
2352070
2352071
2352076
2352084
2352085
2352087
2352089
2352093
2352094
2352095
2352104
2352105
2352109
2352112
2352113
2352116
2352117
2352118
2352119
2352122
2352124
2352127
2352128
2352132
2352135
2352140
2352144
2352145
2352146
2352147
2352152
2352153
2352155
2352157
2352158
2352165
2352166
2352169
2352174
2352175
2352176
2352180
2352181
2352182
2352183
2352191
2352194
2352195
2352197
2352198
2352202
2352203
2352204
2352207
2352209
2352213
2352217
2352219
2352223
2352224
2352225
2352226
2352228
2352229
2352231
2352233
2352235
2352238
2352240
2352243
2352247
2352249
2352250
2352251
2352258
2352259
2352263
2352264
2352265
2352267
2352271
2352273
2352277
2352280
2352282
2352283
2352285
2352289
2352290
2352291
2352298
2352309
2352312
2352314
2352318
2352320
2352323
2352325
2352326
2352327
2352328
2352330
2352335
2352336
2352339
2352340
2352341
2352345
2352349
2352351
2352352
2352354
2352357
2352358
2352365
2352368
2352373
2352374
2352387
2352394
2352395
2352407
2352410
2352412
2352414
2352415
2352417
2352419
2352424
2352426
2352428
2352432
2352433
2352434
2352435
2352437
2352440
2352443
2352445
2352448
2352449
2352450
2352459
2352460
2352463
2352465
2352467
2352468
2352473
2352474
2352475
2352480
2352482
2352483
2352484
2352490
2352491
2352493
2352499
2352501
2352505
2352506
2352511
2352512
2352513
2352520
2352521
2352523
2352526
2352529
2352530
2352533
2352534
2352540
2352546
2352547
2352552
2352554
2352555
2352557
2352558
2352563
2352567
2352568
2352574
2352575
2352580
2352584
2352587
2352588
2352592
2352595
2352596
2352598
2352600
2352601
2352604
2352606
2352607
2352608
2352609
2352611
2352615
2352617
2352619
2352620
2352621
2352624
2352632
2352634
2352637
2352647
2352648
2352651
2352654
2352658
2352661
2352663
2352664
2352665
2352666
2352667
2352669
2352670
2352671
2352672
2352673
2352678
2352679
2352680
2352681
2352685
2352686
2352690
2352692
2352693
2352695
2352696
2352702
2352703
2352704
2352705
2352715
2352716
2352719
2352720
2352721
2352723
2352728
2352729
2352731
2352732
2352734
2352735
2352736
2352737
2352739
2352741
2352743
2352744
2352748
2352750
2352754
2352755
2352760
2352762
2352764
2352767
2352772
2352776
2352777
2352778
2352781
2352783
2352784
2352787
2352788
2352789
2352790
2352791
2352792
2352793
2352797
2352798
2352799
2352806
2352810
2352811
2352812
2352815
2352817
2352818
2352819
2352820
2352825
2352827
2352829
2352835
2352837
2352839
2352841
2352843
2352844
2352847
2352852
2352853
2352854
2352857
2352858
2352861
2352865
2352868
2352871
2352873
2352874
2352878
2352879
2352880
2352881
2352882
2352883
2352885
2352886
2352890
2352892
2352893
2352894
2352896
2352899
2352903
2352904
2352906
2352907
2352913
2352914
2352915
2352917
2352918
2352919
2352920
2352921
2352922
2352926
2352928
2352935
2352936
2352937
2352938
2352945
2352950
2352953
2352954
2352955
2352956
2352957
2352961
2352963
2352964
2352965
2352968
2352970
2352973
2352975
2352976
2352983
2352987
2352988
2352990
2352993
2352994
2352996
2352997
2353009
2353014
2353015
2353017
2353020
2353021
2353024
2353030
2353039
2353047
2353049
2353050
2353051
2353052
2353053
2353054
2353055
2353056
2353061
2353063
2353067
2353069
2353070
2353071
2353073
2353074
2353076
2353077
2353082
2353083
2353090
2353091
2353094
2353105
2353110
2353113
2353114
2353117
2353121
2353125
2353130
2353132
2353136
2353138
2353142
2353143
2353145
2353147
2353148
2353150
2353151
2353152
2353153
2353155
2353157
2353159
2353160
2353163
2353164
2353165
2353167
2353177
2353178
2353182
2353187
2353188
2353190
2353192
2353198
2353202
2353204
2353205
2353206
2353208
2353209
2353210
2353213
2353215
2353217
2353222
2353225
2353226
2353234
2353241
2353245
2353246
2353248
2353251
2353252
2353254
2353256
2353257
2353258
2353260
2353261
2353263
2353265
2353267
2353271
2353273
2353274
2353276
2353277
2353280
2353281
2353286
2353288
2353291
2353292
2353293
2353295
2353299
2353300
2353303
2353305
2353309
2353310
2353311
2353312
2353313
2353318
2353322
2353324
2353339
2353341
2353343
2353346
2353347
2353349
2353352
2353354
2353356
2353358
2353362
2353364
2353370
2353371
2353372
2353374
2353376
2353378
2353379
2353381
2353384
2353385
2353389
2353394
2353395
2353396
2353399
2353403
2353404
2353406
2353408
2353409
2353413
2353416
2353418
2353421
2353422
2353425
2353426
2353428
2353429
2353432
2353435
2353440
2353445
2353446
2353449
2353450
2353451
2353453
2353460
2353462
2353463
2353465
2353481
2353482
2353484
2353486
2353487
2353489
2353491
2353494
2353502
2353504
2353508
2353509
2353515
2353516
2353529
2353530
2353531
2353532
2353539
2353540
2353542
2353545
2353548
2353552
2353553
2353555
2353563
2353565
2353567
2353568
2353571
2353577
2353582
2353583
2353589
2353590
2353591
2353592
2353595
2353600
2353601
2353602
2353603
2353604
2353605
2353609
2353612
2353613
2353617
2353620
2353621
2353622
2353624
2353625
2353628
2353634
2353636
2353640
2353643
2353646
2353649
2353652
2353656
2353658
2353662
2353665
2353671
2353672
2353676
2353677
2353679
2353680
2353687
2353690
2353692
2353694
2353699
2353700
2353704
2353706
2353707
2353712
2353715
2353716
2353717
2353722
2353724
2353727
2353728
2353729
2353732
2353733
2353738
2353739
2353742
2353744
2353746
2353750
2353754
2353756
2353757
2353759
2353760
2353761
2353764
2353765
2353768
2353771
2353772
2353774
2353775
2353777
2353780
2353790
2353791
2353792
2353795
2353796
2353797
2353798
2353799
2353800
2353802
2353803
2353804
2353805
2353817
2353833
2353834
2353835
2353838
2353839
2353840
2353842
2353847
2353848
2353855
2353857
2353860
2353861
2353862
2353864
2353865
2353867
2353868
2353871
2353874
2353877
2353878
2353879
2353880
2353881
2353883
2353885
2353887
2353890
2353892
2353894
2353895
2353897
2353898
2353904
2353905
2353908
2353910
2353912
2353914
2353916
2353917
2353918
2353923
2353925
2353927
2353933
2353934
2353937
2353939
2353941
2353942
2353948
2353953
2353956
2353959
2353960
2353962
2353966
2353968
2353969
2353971
2353976
2353977
2353982
2353984
2353988
2353991
2353992
2354002
2354003
2354005
2354009
2354010
2354015
2354018
2354019
2354024
2354031
2354032
2354034
2354035
2354038
2354039
2354041
2354046
2354055
2354056
2354057
2354064
2354068
2354069
2354072
2354076
2354084
2354086
2354090
2354092
2354093
2354096
2354098
2354102
2354105
2354106
2354109
2354110
2354112
2354115
2354116
2354117
2354120
2354123
2354127
2354132
2354134
2354135
2354137
2354138
2354142
2354143
2354144
2354146
2354150
2354151
2354152
2354153
2354154
2354155
2354158
2354159
2354160
2354162
2354166
2354170
2354175
2354179
2354183
2354185
2354188
2354191
2354192
2354194
2354195
2354197
2354199
2354202
2354203
2354204
2354205
2354206
2354211
2354214
2354215
2354216
2354220
2354224
2354225
2354226
2354229
2354233
2354240
2354242
2354248
2354252
2354253
2354254
2354255
2354256
2354257
2354261
2354264
2354265
2354267
2354273
2354279
2354291
2354292
2354298
2354303
2354305
2354307
2354311
2354314
2354315
2354317
2354319
2354320
2354321
2354322
2354323
2354325
2354326
2354328
2354332
2354333
2354346
2354348
2354349
2354350
2354351
2354356
2354359
2354361
2354363
2354364
2354367
2354371
2354374
2354377
2354378
2354379
2354381
2354384
2354385
2354392
2354393
2354394
2354398
2354406
2354407
2354408
2354410
2354411
2354414
2354417
2354419
2354421
2354422
2354429
2354441
2354443
2354447
2354448
2354449
2354451
2354452
2354455
2354457
2354458
2354460
2354462
2354463
2354466
2354468
2354470
2354471
2354472
2354475
2354476
2354477
2354479
2354481
2354482
2354483
2354487
2354488
2354489
2354490
2354494
2354498
2354500
2354503
2354505
2354506
2354514
2354515
2354516
2354517
2354521
2354522
2354523
2354526
2354527
2354530
2354533
2354538
2354542
2354543
2354547
2354550
2354551
2354552
2354553
2354554
2354557
2354558
2354559
2354563
2354568
2354569
2354570
2354573
2354578
2354581
2354583
2354584
2354585
2354593
2354594
2354595
2354598
2354603
2354605
2354608
2354611
2354612
2354614
2354616
2354617
2354619
2354620
2354623
2354625
2354627
2354630
2354632
2354633
2354637
2354638
2354639
2354641
2354645
2354647
2354650
2354651
2354652
2354655
2354657
2354661
2354662
2354663
2354664
2354665
2354670
2354672
2354678
2354679
2354680
2354681
2354687
2354689
2354692
2354695
2354696
2354701
2354703
2354704
2354705
2354707
2354708
2354709
2354710
2354711
2354717
2354722
2354723
2354726
2354728
2354731
2354732
2354746
2354747
2354755
2354757
2354760
2354761
2354763
2354766
2354768
2354769
2354771
2354777
2354779
2354781
2354783
2354787
2354790
2354791
2354792
2354794
2354800
2354801
2354810
2354815
2354818
2354823
2354826
2354829
2354832
2354834
2354835
2354836
2354838
2354840
2354845
2354847
2354850
2354853
2354854
2354855
2354857
2354858
2354863
2354864
2354865
2354868
2354871
2354873
2354874
2354876
2354877
2354880
2354881
2354884
2354891
2354892
2354893
2354894
2354898
2354899
2354901
2354902
2354911
2354917
2354918
2354919
2354921
2354922
2354926
2354928
2354931
2354932
2354933
2354934
2354935
2354936
2354943
2354948
2354949
2354950
2354956
2354957
2354958
2354968
2354980
2354981
2354982
2354986
2354987
2354991
2354994
2355001
2355004
2355019
2355020
2355023
2355025
2355029
2355031
2355036
2355037
2355039
2355041
2355042
2355043
2355044
2355046
2355050
2355058
2355061
2355065
2355074
2355076
2355078
2355079
2355080
2355082
2355083
2355084
2355089
2355092
2355095
2355098
2355099
2355101
2355102
2355103
2355104
2355106
2355107
2355108
2355109
2355113
2355116
2355118
2355119
2355121
2355123
2355125
2355127
2355128
2355130
2355131
2355132
2355135
2355138
2355139
2355140
2355141
2355148
2355153
2355154
2355159
2355160
2355163
2355166
2355168
2355169
2355170
2355172
2355175
2355179
2355180
2355181
2355182
2355183
2355185
2355186
2355187
2355189
2355190
2355192
2355193
2355199
2355201
2355202
2355207
2355209
2355210
2355212
2355213
2355215
2355218
2355223
2355227
2355229
2355238
2355239
2355242
2355243
2355246
2355250
2355251
2355252
2355254
2355257
2355262
2355264
2355265
2355267
2355269
2355272
2355273
2355274
2355275
2355277
2355282
2355283
2355290
2355292
2355293
2355295
2355300
2355305
2355307
2355310
2355313
2355314
2355318
2355320
2355322
2355323
2355325
2355329
2355332
2355333
2355336
2355337
2355340
2355341
2355345
2355346
2355347
2355348
2355350
2355352
2355355
2355361
2355363
2355364
2355366
2355370
2355377
2355382
2355387
2355389
2355393
2355394
2355396
2355399
2355401
2355404
2355408
2355409
2355410
2355412
2355415
2355417
2355419
2355420
2355421
2355427
2355429
2355434
2355437
2355438
2355440
2355443
2355444
2355447
2355448
2355455
2355456
2355457
2355466
2355468
2355471
2355472
2355474
2355475
2355476
2355482
2355483
2355486
2355490
2355492
2355496
2355498
2355501
2355504
2355506
2355507
2355510
2355511
2355513
2355515
2355519
2355521
2355524
2355526
2355528
2355530
2355533
2355534
2355537
2355538
2355539
2355540
2355543
2355544
2355547
2355549
2355550
2355551
2355560
2355561
2355562
2355564
2355565
2355566
2355567
2355571
2355572
2355578
2355580
2355581
2355582
2355583
2355584
2355585
2355587
2355588
2355608
2355610
2355613
2355614
2355615
2355620
2355622
2355623
2355624
2355627
2355629
2355631
2355633
2355634
2355636
2355638
2355639
2355640
2355642
2355643
2355645
2355646
2355647
2355648
2355649
2355652
2355654
2355658
2355664
2355666
2355669
2355671
2355675
2355678
2355680
2355682
2355688
2355691
2355692
2355696
2355698
2355699
2355712
2355713
2355719
2355720
2355721
2355722
2355724
2355725
2355726
2355727
2355729
2355730
2355731
2355737
2355742
2355743
2355748
2355749
2355753
2355758
2355762
2355765
2355771
2355772
2355777
2355778
2355780
2355786
2355792
2355796
2355797
2355798
2355799
2355804
2355808
2355811
2355812
2355814
2355817
2355818
2355824
2355829
2355833
2355839
2355840
2355841
2355843
2355844
2355845
2355846
2355851
2355852
2355854
2355856
2355857
2355864
2355868
2355874
2355876
2355877
2355879
2355880
2355883
2355886
2355892
2355894
2355895
2355897
2355900
2355901
2355903
2355909
2355911
2355912
2355916
2355919
2355923
2355924
2355930
2355931
2355935
2355936
2355941
2355944
2355947
2355948
2355953
2355954
2355962
2355970
2355972
2355976
2355978
2355980
2355982
2355987
2355991
2355992
2355995
2355996
2356000
2356001
2356005
2356006
2356008
2356009
2356010
2356011
2356015
2356018
2356019
2356026
2356031
2356032
2356033
2356034
2356035
2356036
2356040
2356042
2356044
2356049
2356051
2356052
2356054
2356056
2356057
2356061
2356064
2356065
2356067
2356070
2356073
2356074
2356075
2356076
2356077
2356083
2356086
2356091
2356092
2356093
2356094
2356096
2356097
2356098
2356099
2356100
2356104
2356105
2356111
2356114
2356117
2356118
2356120
2356128
2356132
2356137
2356140
2356141
2356143
2356147
2356148
2356150
2356151
2356157
2356158
2356163
2356165
2356167
2356168
2356169
2356174
2356180
2356181
2356188
2356189
2356190
2356196
2356198
2356202
2356207
2356208
2356210
2356215
2356219
2356221
2356223
2356224
2356227
2356229
2356241
2356243
2356245
2356246
2356249
2356251
2356252
2356254
2356266
2356270
2356274
2356278
2356284
2356286
2356287
2356288
2356292
2356293
2356296
2356298
2356300
2356301
2356307
2356308
2356309
2356311
2356313
2356317
2356319
2356324
2356325
2356326
2356327
2356328
2356331
2356334
2356335
2356339
2356340
2356343
2356344
2356347
2356352
2356353
2356355
2356359
2356361
2356362
2356366
2356367
2356373
2356374
2356377
2356378
2356380
2356381
2356383
2356384
2356385
2356389
2356391
2356393
2356396
2356397
2356400
2356403
2356405
2356406
2356407
2356409
2356410
2356412
2356415
2356418
2356419
2356421
2356426
2356428
2356437
2356439
2356440
2356442
2356448
2356457
2356474
2356478
2356482
2356483
2356485
2356486
2356487
2356489
2356491
2356493
2356494
2356499
2356500
2356503
2356504
2356505
2356510
2356514
2356516
2356517
2356522
2356528
2356532
2356534
2356536
2356538
2356540
2356543
2356545
2356549
2356550
2356552
2356553
2356554
2356556
2356558
2356563
2356564
2356565
2356568
2356571
2356576
2356578
2356581
2356582
2356583
2356590
2356594
2356595
2356596
2356597
2356600
2356601
2356603
2356605
2356607
2356608
2356612
2356614
2356617
2356619
2356623
2356624
2356626
2356628
2356631
2356633
2356636
2356637
2356638
2356642
2356645
2356647
2356651
2356653
2356654
2356655
2356661
2356664
2356666
2356668
2356671
2356673
2356677
2356679
2356681
2356683
2356685
2356686
2356687
2356690
2356691
2356693
2356694
2356695
2356700
2356701
2356708
2356709
2356710
2356711
2356712
2356714
2356715
2356718
2356719
2356720
2356722
2356726
2356729
2356733
2356735
2356737
2356739
2356741
2356742
2356743
2356745
2356747
2356749
2356750
2356754
2356756
2356767
2356769
2356772
2356773
2356780
2356781
2356782
2356783
2356789
2356794
2356797
2356804
2356806
2356815
2356817
2356818
2356821
2356822
2356823
2356827
2356828
2356831
2356833
2356835
2356840
2356841
2356843
2356847
2356848
2356849
2356850
2356852
2356856
2356858
2356865
2356867
2356871
2356873
2356880
2356881
2356885
2356886
2356892
2356894
2356899
2356901
2356908
2356913
2356917
2356919
2356921
2356925
2356926
2356927
2356929
2356930
2356932
2356935
2356940
2356943
2356947
2356949
2356950
2356952
2356953
2356955
2356961
2356962
2356963
2356966
2356972
2356980
2356988
2356994
2356995
2356998
2357008
2357009
2357011
2357013
2357014
2357016
2357021
2357024
2357025
2357031
2357032
2357034
2357044
2357045
2357052
2357063
2357067
2357068
2357073
2357074
2357077
2357078
2357082
2357084
2357086
2357092
2357097
2357102
2357103
2357105
2357108
2357110
2357112
2357116
2357124
2357125
2357127
2357129
2357130
2357134
2357135
2357139
2357142
2357143
2357144
2357145
2357148
2357150
2357157
2357159
2357160
2357164
2357167
2357168
2357169
2357172
2357179
2357183
2357184
2357185
2357187
2357190
2357192
2357195
2357199
2357204
2357205
2357207
2357210
2357212
2357214
2357215
2357220
2357223
2357225
2357234
2357236
2357240
2357242
2357246
2357259
2357260
2357261
2357267
2357272
2357273
2357276
2357279
2357280
2357281
2357290
2357292
2357293
2357297
2357298
2357299
2357300
2357302
2357303
2357304
2357305
2357308
2357314
2357315
2357317
2357318
2357319
2357323
2357325
2357327
2357333
2357335
2357336
2357337
2357341
2357342
2357344
2357348
2357349
2357356
2357358
2357364
2357365
2357370
2357371
2357376
2357377
2357378
2357380
2357387
2357390
2357392
2357395
2357398
2357399
2357401
2357408
2357409
2357417
2357418
2357424
2357428
2357429
2357430
2357431
2357435
2357436
2357438
2357442
2357453
2357454
2357455
2357457
2357460
2357465
2357467
2357469
2357470
2357471
2357472
2357475
2357478
2357480
2357485
2357487
2357489
2357491
2357494
2357495
2357496
2357497
2357499
2357501
2357503
2357507
2357508
2357515
2357516
2357517
2357518
2357519
2357524
2357527
2357529
2357530
2357534
2357535
2357540
2357541
2357545
2357547
2357548
2357549
2357557
2357559
2357560
2357564
2357565
2357566
2357567
2357568
2357571
2357572
2357578
2357580
2357584
2357586
2357587
2357589
2357591
2357594
2357598
2357600
2357601
2357602
2357615
2357618
2357619
2357620
2357623
2357627
2357628
2357631
2357633
2357641
2357643
2357651
2357653
2357657
2357658
2357662
2357664
2357665
2357666
2357669
2357670
2357675
2357676
2357677
2357682
2357687
2357688
2357689
2357690
2357691
2357692
2357694
2357696
2357703
2357706
2357707
2357708
2357709
2357712
2357715
2357717
2357718
2357720
2357721
2357723
2357727
2357731
2357733
2357739
2357740
2357742
2357744
2357746
2357748
2357749
2357752
2357759
2357760
2357761
2357762
2357769
2357771
2357773
2357776
2357777
2357778
2357779
2357783
2357784
2357786
2357787
2357788
2357789
2357793
2357794
2357795
2357796
2357797
2357799
2357800
2357806
2357808
2357811
2357813
2357820
2357825
2357832
2357836
2357838
2357842
2357843
2357845
2357847
2357848
2357849
2357850
2357854
2357855
2357856
2357858
2357860
2357861
2357862
2357866
2357867
2357872
2357873
2357877
2357880
2357883
2357885
2357887
2357889
2357890
2357891
2357896
2357900
2357901
2357902
2357903
2357906
2357909
2357912
2357914
2357915
2357916
2357918
2357929
2357931
2357933
2357937
2357938
2357942
2357943
2357946
2357947
2357948
2357949
2357953
2357954
2357957
2357962
2357964
2357965
2357972
2357973
2357978
2357979
2357981
2357982
2357986
2357989
2357991
2357994
2357996
2357999
2358000
2358001
2358005
2358007
2358008
2358009
2358011
2358012
2358019
2358029
2358030
2358032
2358033
2358042
2358044
2358045
2358049
2358050
2358051
2358052
2358054
2358055
2358057
2358058
2358060
2358065
2358066
2358067
2358073
2358074
2358075
2358084
2358087
2358090
2358091
2358096
2358097
2358098
2358100
2358106
2358109
2358111
2358112
2358115
2358117
2358132
2358138
2358143
2358146
2358148
2358151
2358153
2358154
2358156
2358158
2358161
2358162
2358163
2358164
2358167
2358169
2358170
2358171
2358175
2358176
2358180
2358184
2358186
2358189
2358193
2358207
2358210
2358220
2358221
2358222
2358227
2358234
2358235
2358238
2358239
2358241
2358244
2358247
2358248
2358251
2358257
2358261
2358265
2358269
2358270
2358273
2358274
2358278
2358279
2358280
2358281
2358284
2358286
2358288
2358289
2358290
2358291
2358292
2358295
2358297
2358298
2358300
2358301
2358302
2358306
2358316
2358317
2358327
2358328
2358331
2358335
2358338
2358342
2358343
2358345
2358347
2358350
2358351
2358357
2358359
2358365
2358366
2358367
2358372
2358374
2358378
2358381
2358386
2358388
2358389
2358390
2358394
2358398
2358401
2358406
2358412
2358413
2358414
2358417
2358429
2358431
2358432
2358433
2358437
2358438
2358441
2358443
2358444
2358450
2358451
2358452
2358458
2358460
2358461
2358465
2358467
2358468
2358470
2358476
2358477
2358480
2358486
2358487
2358491
2358492
2358493
2358498
2358501
2358502
2358505
2358509
2358513
2358514
2358516
2358517
2358519
2358520
2358522
2358523
2358529
2358532
2358533
2358535
2358537
2358538
2358541
2358542
2358544
2358546
2358547
2358548
2358551
2358552
2358553
2358555
2358558
2358564
2358565
2358572
2358574
2358575
2358576
2358578
2358581
2358585
2358590
2358592
2358594
2358603
2358605
2358606
2358612
2358617
2358618
2358619
2358621
2358624
2358626
2358629
2358632
2358633
2358636
2358640
2358642
2358643
2358645
2358646
2358651
2358652
2358653
2358655
2358661
2358662
2358664
2358665
2358669
2358672
2358674
2358675
2358682
2358686
2358687
2358688
2358690
2358694
2358695
2358697
2358699
2358701
2358703
2358704
2358705
2358706
2358710
2358711
2358716
2358718
2358719
2358721
2358722
2358723
2358725
2358729
2358734
2358735
2358737
2358738
2358740
2358741
2358744
2358747
2358755
2358762
2358766
2358771
2358775
2358777
2358778
2358779
2358782
2358783
2358785
2358789
2358790
2358792
2358793
2358797
2358798
2358799
2358800
2358803
2358804
2358807
2358808
2358809
2358815
2358816
2358817
2358819
2358822
2358823
2358825
2358826
2358827
2358834
2358835
2358836
2358842
2358844
2358846
2358851
2358853
2358855
2358856
2358861
2358863
2358867
2358869
2358870
2358872
2358873
2358874
2358875
2358885
2358886
2358891
2358892
2358898
2358900
2358901
2358904
2358905
2358906
2358907
2358910
2358916
2358919
2358921
2358924
2358926
2358927
2358930
2358931
2358933
2358937
2358938
2358950
2358955
2358958
2358960
2358962
2358963
2358964
2358967
2358969
2358970
2358972
2358978
2358981
2358993
2358994
2358996
2358998
2358999
2359003
2359004
2359013
2359016
2359017
2359025
2359027
2359029
2359030
2359036
2359040
2359044
2359050
2359052
2359054
2359056
2359058
2359060
2359062
2359064
2359065
2359066
2359068
2359070
2359073
2359077
2359080
2359081
2359083
2359085
2359086
2359087
2359096
2359099
2359101
2359102
2359103
2359105
2359107
2359110
2359118
2359119
2359122
2359129
2359131
2359133
2359137
2359138
2359141
2359146
2359153
2359154
2359156
2359157
2359158
2359168
2359170
2359172
2359173
2359174
2359179
2359181
2359182
2359183
2359188
2359189
2359193
2359199
2359210
2359211
2359212
2359213
2359214
2359215
2359218
2359220
2359223
2359224
2359229
2359230
2359232
2359234
2359235
2359244
2359245
2359246
2359249
2359250
2359252
2359255
2359257
2359259
2359265
2359267
2359271
2359273
2359279
2359280
2359281
2359282
2359284
2359285
2359286
2359287
2359289
2359294
2359295
2359298
2359301
2359302
2359308
2359309
2359310
2359311
2359312
2359313
2359314
2359321
2359322
2359323
2359324
2359326
2359327
2359328
2359331
2359333
2359336
2359337
2359338
2359339
2359348
2359349
2359354
2359355
2359356
2359358
2359361
2359362
2359363
2359364
2359365
2359370
2359372
2359373
2359375
2359377
2359378
2359380
2359383
2359386
2359389
2359391
2359393
2359395
2359396
2359397
2359400
2359402
2359404
2359407
2359408
2359409
2359412
2359415
2359418
2359419
2359423
2359428
2359431
2359433
2359436
2359440
2359441
2359443
2359446
2359447
2359450
2359458
2359461
2359462
2359466
2359467
2359470
2359472
2359475
2359476
2359477
2359480
2359481
2359482
2359488
2359491
2359497
2359498
2359505
2359506
2359508
2359511
2359514
2359515
2359526
2359528
2359533
2359534
2359545
2359547
2359552
2359553
2359556
2359560
2359568
2359571
2359573
2359575
2359578
2359580
2359583
2359584
2359596
2359600
2359601
2359602
2359614
2359615
2359616
2359618
2359619
2359620
2359624
2359625
2359626
2359630
2359632
2359634
2359636
2359642
2359648
2359650
2359651
2359656
2359662
2359664
2359665
2359666
2359668
2359673
2359676
2359684
2359685
2359688
2359690
2359691
2359693
2359695
2359697
2359700
2359701
2359709
2359711
2359713
2359718
2359719
2359722
2359727
2359730
2359731
2359732
2359733
2359734
2359735
2359736
2359737
2359740
2359741
2359742
2359743
2359747
2359748
2359750
2359752
2359753
2359756
2359757
2359759
2359762
2359763
2359769
2359770
2359774
2359776
2359778
2359779
2359781
2359782
2359784
2359785
2359790
2359791
2359793
2359796
2359799
2359800
2359804
2359807
2359810
2359813
2359824
2359828
2359829
2359835
2359839
2359840
2359842
2359843
2359844
2359848
2359853
2359854
2359855
2359856
2359857
2359860
2359864
2359866
2359867
2359871
2359876
2359879
2359882
2359887
2359893
2359894
2359895
2359897
2359898
2359899
2359901
2359904
2359911
2359913
2359914
2359915
2359917
2359918
2359920
2359926
2359928
2359929
2359931
2359933
2359934
2359935
2359936
2359941
2359945
2359950
2359953
2359957
2359958
2359960
2359961
2359963
2359965
2359967
2359968
2359970
2359971
2359976
2359981
2359983
2359986
2359988
2359990
2359991
2359992
2359997
2359998
2359999
2360002
2360005
2360008
2360010
2360016
2360019
2360020
2360022
2360024
2360025
2360026
2360027
2360029
2360037
2360044
2360048
2360049
2360052
2360055
2360057
2360061
2360064
2360066
2360068
2360086
2360088
2360089
2360090
2360093
2360096
2360102
2360103
2360111
2360112
2360113
2360114
2360115
2360117
2360121
2360124
2360125
2360131
2360132
2360133
2360134
2360142
2360148
2360151
2360166
2360168
2360169
2360172
2360174
2360175
2360178
2360179
2360182
2360183
2360185
2360191
2360193
2360195
2360199
2360202
2360206
2360208
2360215
2360218
2360221
2360222
2360224
2360225
2360226
2360228
2360229
2360230
2360231
2360232
2360234
2360237
2360238
2360241
2360242
2360244
2360245
2360247
2360251
2360254
2360260
2360261
2360262
2360265
2360272
2360273
2360274
2360276
2360277
2360280
2360283
2360284
2360286
2360287
2360290
2360291
2360300
2360305
2360308
2360309
2360313
2360314
2360316
2360320
2360323
2360325
2360329
2360333
2360338
2360348
2360350
2360352
2360355
2360357
2360358
2360359
2360362
2360363
2360364
2360367
2360371
2360372
2360375
2360377
2360381
2360389
2360390
2360391
2360394
2360396
2360401
2360404
2360405
2360406
2360409
2360410
2360411
2360414
2360417
2360419
2360426
2360427
2360436
2360437
2360440
2360443
2360444
2360451
2360456
2360460
2360461
2360463
2360466
2360467
2360473
2360476
2360477
2360478
2360483
2360484
2360486
2360488
2360489
2360491
2360494
2360495
2360496
2360498
2360501
2360504
2360506
2360508
2360510
2360511
2360515
2360517
2360519
2360526
2360527
2360528
2360529
2360531
2360532
2360536
2360541
2360545
2360547
2360550
2360552
2360556
2360558
2360560
2360566
2360570
2360572
2360575
2360576
2360578
2360581
2360582
2360583
2360585
2360586
2360589
2360592
2360593
2360596
2360598
2360602
2360604
2360605
2360606
2360613
2360615
2360618
2360619
2360623
2360627
2360628
2360629
2360630
2360631
2360632
2360634
2360636
2360642
2360643
2360644
2360649
2360653
2360655
2360656
2360658
2360661
2360662
2360663
2360664
2360665
2360667
2360669
2360670
2360677
2360679
2360683
2360684
2360695
2360698
2360699
2360700
2360702
2360704
2360705
2360710
2360715
2360722
2360727
2360730
2360731
2360733
2360736
2360742
2360746
2360748
2360757
2360759
2360760
2360764
2360768
2360775
2360777
2360780
2360788
2360790
2360791
2360796
2360798
2360803
2360807
2360810
2360812
2360814
2360815
2360817
2360818
2360819
2360822
2360826
2360828
2360829
2360830
2360832
2360834
2360835
2360838
2360840
2360841
2360843
2360844
2360846
2360848
2360854
2360855
2360856
2360859
2360865
2360870
2360871
2360874
2360876
2360877
2360878
2360880
2360881
2360882
2360889
2360899
2360900
2360902
2360903
2360904
2360906
2360909
2360912
2360916
2360917
2360923
2360925
2360927
2360930
2360932
2360935
2360937
2360938
2360942
2360946
2360947
2360950
2360958
2360962
2360964
2360965
2360966
2360967
2360968
2360970
2360971
2360972
2360974
2360975
2360976
2360979
2360982
2360989
2360990
2360994
2360995
2360996
2360997
2360999
2361002
2361003
2361005
2361007
2361009
2361011
2361016
2361017
2361018
2361019
2361020
2361022
2361023
2361024
2361027
2361030
2361032
2361033
2361036
2361040
2361045
2361047
2361054
2361060
2361063
2361066
2361071
2361074
2361075
2361076
2361082
2361087
2361090
2361094
2361095
2361100
2361105
2361107
2361108
2361111
2361113
2361115
2361116
2361120
2361121
2361122
2361126
2361128
2361129
2361130
2361133
2361134
2361139
2361140
2361141
2361142
2361143
2361146
2361147
2361153
2361154
2361158
2361161
2361163
2361164
2361168
2361169
2361170
2361173
2361176
2361182
2361183
2361186
2361189
2361190
2361193
2361195
2361199
2361202
2361204
2361205
2361209
2361210
2361212
2361213
2361218
2361219
2361221
2361223
2361225
2361226
2361231
2361232
2361233
2361234
2361235
2361236
2361239
2361243
2361244
2361248
2361251
2361252
2361257
2361263
2361264
2361266
2361268
2361270
2361273
2361274
2361281
2361282
2361283
2361284
2361289
2361291
2361292
2361293
2361294
2361301
2361304
2361305
2361313
2361314
2361315
2361317
2361319
2361325
2361340
2361342
2361343
2361345
2361347
2361348
2361349
2361357
2361359
2361361
2361362
2361363
2361364
2361368
2361370
2361375
2361377
2361380
2361381
2361383
2361384
2361387
2361389
2361390
2361396
2361397
2361400
2361402
2361403
2361404
2361405
2361406
2361409
2361411
2361414
2361415
2361416
2361418
2361421
2361425
2361429
2361431
2361432
2361433
2361436
2361437
2361438
2361439
2361440
2361442
2361443
2361448
2361453
2361454
2361455
2361458
2361462
2361467
2361469
2361472
2361474
2361480
2361481
2361482
2361486
2361487
2361490
2361494
2361496
2361498
2361499
2361500
2361506
2361507
2361509
2361510
2361513
2361514
2361518
2361520
2361521
2361522
2361524
2361525
2361529
2361531
2361532
2361533
2361535
2361536
2361543
2361544
2361546
2361547
2361548
2361549
2361551
2361553
2361554
2361555
2361557
2361560
2361563
2361567
2361571
2361572
2361573
2361576
2361577
2361578
2361580
2361585
2361589
2361591
2361594
2361595
2361600
2361602
2361607
2361609
2361611
2361615
2361624
2361632
2361633
2361634
2361635
2361636
2361637
2361638
2361640
2361641
2361648
2361649
2361651
2361654
2361660
2361662
2361666
2361670
2361671
2361674
2361679
2361680
2361681
2361682
2361683
2361686
2361687
2361688
2361690
2361693
2361695
2361698
2361699
2361707
2361709
2361710
2361711
2361714
2361716
2361720
2361726
2361732
2361734
2361735
2361737
2361741
2361743
2361744
2361750
2361751
2361752
2361754
2361755
2361756
2361758
2361759
2361761
2361764
2361765
2361766
2361767
2361771
2361772
2361773
2361775
2361777
2361778
2361780
2361782
2361783
2361784
2361790
2361791
2361793
2361795
2361798
2361801
2361807
2361808
2361815
2361817
2361818
2361819
2361821
2361823
2361827
2361830
2361833
2361834
2361835
2361836
2361841
2361843
2361844
2361846
2361847
2361850
2361852
2361855
2361856
2361861
2361862
2361863
2361864
2361865
2361866
2361867
2361870
2361872
2361874
2361878
2361880
2361881
2361883
2361886
2361887
2361888
2361890
2361891
2361896
2361899
2361903
2361905
2361907
2361910
2361911
2361916
2361921
2361922
2361923
2361924
2361927
2361930
2361933
2361937
2361942
2361945
2361946
2361948
2361949
2361951
2361952
2361955
2361956
2361958
2361969
2361970
2361974
2361975
2361977
2361978
2361980
2361987
2361988
2361989
2361996
2362003
2362007
2362009
2362011
2362016
2362017
2362018
2362024
2362026
2362028
2362030
2362033
2362034
2362036
2362039
2362040
2362042
2362045
2362046
2362049
2362054
2362056
2362059
2362062
2362064
2362065
2362069
2362071
2362072
2362073
2362074
2362075
2362076
2362080
2362083
2362086
2362088
2362091
2362092
2362094
2362096
2362099
2362100
2362101
2362102
2362104
2362107
2362109
2362111
2362116
2362117
2362118
2362119
2362121
2362123
2362125
2362131
2362133
2362134
2362142
2362144
2362146
2362148
2362153
2362157
2362158
2362159
2362165
2362167
2362168
2362169
2362171
2362172
2362173
2362176
2362179
2362181
2362189
2362191
2362198
2362200
2362201
2362203
2362210
2362214
2362217
2362218
2362219
2362220
2362222
2362227
2362228
2362229
2362232
2362234
2362235
2362242
2362244
2362245
2362246
2362247
2362249
2362253
2362254
2362255
2362266
2362272
2362274
2362276
2362279
2362280
2362281
2362282
2362283
2362284
2362292
2362293
2362296
2362298
2362303
2362306
2362308
2362318
2362321
2362324
2362326
2362328
2362332
2362333
2362334
2362336
2362339
2362343
2362345
2362348
2362349
2362350
2362352
2362353
2362356
2362357
2362358
2362359
2362361
2362362
2362364
2362365
2362367
2362369
2362370
2362371
2362373
2362374
2362376
2362378
2362381
2362383
2362388
2362393
2362396
2362397
2362400
2362402
2362405
2362406
2362408
2362409
2362411
2362413
2362414
2362418
2362420
2362424
2362425
2362429
2362432
2362433
2362438
2362439
2362440
2362442
2362444
2362447
2362448
2362451
2362452
2362453
2362458
2362459
2362460
2362461
2362463
2362464
2362468
2362470
2362471
2362472
2362478
2362479
2362480
2362481
2362484
2362486
2362487
2362489
2362491
2362494
2362499
2362504
2362505
2362508
2362510
2362512
2362515
2362518
2362519
2362520
2362522
2362523
2362527
2362530
2362531
2362533
2362540
2362549
2362551
2362552
2362554
2362557
2362558
2362559
2362560
2362563
2362568
2362569
2362571
2362572
2362573
2362575
2362577
2362578
2362583
2362584
2362585
2362588
2362595
2362599
2362600
2362601
2362602
2362608
2362613
2362614
2362616
2362619
2362620
2362622
2362624
2362626
2362630
2362632
2362633
2362638
2362639
2362640
2362642
2362646
2362648
2362651
2362654
2362655
2362657
2362658
2362662
2362665
2362668
2362670
2362674
2362675
2362676
2362687
2362689
2362691
2362696
2362697
2362698
2362701
2362704
2362707
2362710
2362712
2362713
2362714
2362719
2362722
2362725
2362728
2362731
2362734
2362736
2362740
2362743
2362744
2362745
2362749
2362757
2362758
2362759
2362760
2362762
2362763
2362764
2362767
2362769
2362771
2362777
2362778
2362780
2362783
2362787
2362788
2362790
2362793
2362795
2362796
2362797
2362798
2362802
2362803
2362804
2362807
2362808
2362811
2362815
2362816
2362817
2362819
2362820
2362822
2362824
2362830
2362832
2362833
2362834
2362835
2362839
2362843
2362849
2362851
2362853
2362855
2362856
2362857
2362858
2362863
2362864
2362870
2362873
2362877
2362880
2362882
2362886
2362887
2362888
2362891
2362892
2362895
2362896
2362897
2362899
2362900
2362901
2362909
2362911
2362914
2362915
2362916
2362917
2362918
2362922
2362930
2362934
2362935
2362936
2362938
2362939
2362941
2362943
2362945
2362947
2362948
2362949
2362950
2362951
2362953
2362956
2362958
2362959
2362962
2362963
2362964
2362965
2362966
2362967
2362972
2362973
2362974
2362975
2362976
2362977
2362978
2362979
2362980
2362981
2362982
2362990
2362993
2362997
2362998
2362999
2363001
2363008
2363009
2363010
2363011
2363015
2363020
2363022
2363026
2363030
2363032
2363035
2363038
2363040
2363042
2363046
2363047
2363048
2363050
2363054
2363055
2363059
2363060
2363061
2363062
2363063
2363067
2363069
2363070
2363071
2363072
2363073
2363076
2363078
2363079
2363086
2363088
2363089
2363091
2363093
2363094
2363100
2363102
2363105
2363106
2363107
2363109
2363112
2363113
2363114
2363116
2363117
2363120
2363126
2363127
2363128
2363136
2363137
2363138
2363139
2363143
2363148
2363149
2363153
2363155
2363158
2363159
2363160
2363167
2363168
2363170
2363172
2363174
2363176
2363178
2363180
2363184
2363186
2363187
2363189
2363191
2363192
2363196
2363197
2363202
2363205
2363206
2363207
2363208
2363211
2363212
2363224
2363226
2363227
2363228
2363230
2363234
2363237
2363239
2363240
2363242
2363243
2363246
2363257
2363263
2363265
2363271
2363273
2363276
2363277
2363279
2363280
2363281
2363286
2363289
2363292
2363293
2363295
2363296
2363304
2363307
2363308
2363309
2363314
2363315
2363320
2363321
2363324
2363325
2363326
2363330
2363335
2363336
2363337
2363339
2363342
2363345
2363347
2363351
2363352
2363354
2363363
2363364
2363365
2363366
2363367
2363370
2363371
2363372
2363373
2363375
2363376
2363377
2363378
2363380
2363381
2363382
2363383
2363386
2363390
2363391
2363395
2363397
2363398
2363400
2363401
2363403
2363409
2363410
2363411
2363418
2363419
2363420
2363423
2363424
2363426
2363428
2363430
2363431
2363432
2363437
2363438
2363440
2363441
2363443
2363446
2363449
2363451
2363454
2363458
2363459
2363460
2363461
2363463
2363470
2363473
2363476
2363477
2363478
2363481
2363482
2363484
2363485
2363486
2363493
2363498
2363502
2363503
2363505
2363507
2363508
2363512
2363515
2363518
2363519
2363520
2363523
2363524
2363525
2363527
2363529
2363532
2363536
2363537
2363538
2363539
2363544
2363545
2363547
2363548
2363551
2363554
2363562
2363564
2363566
2363567
2363569
2363574
2363578
2363582
2363584
2363585
2363586
2363592
2363596
2363597
2363598
2363602
2363605
2363606
2363607
2363608
2363609
2363610
2363612
2363613
2363617
2363618
2363619
2363622
2363623
2363624
2363627
2363631
2363634
2363641
2363643
2363645
2363646
2363649
2363655
2363659
2363661
2363663
2363664
2363666
2363668
2363671
2363673
2363675
2363679
2363680
2363684
2363688
2363689
2363691
2363695
2363698
2363700
2363701
2363703
2363707
2363709
2363710
2363712
2363713
2363714
2363717
2363721
2363724
2363727
2363729
2363731
2363733
2363734
2363735
2363736
2363737
2363741
2363743
2363744
2363748
2363754
2363755
2363757
2363759
2363764
2363765
2363769
2363771
2363777
2363778
2363781
2363787
2363790
2363792
2363799
2363801
2363804
2363811
2363818
2363820
2363821
2363826
2363828
2363829
2363830
2363831
2363832
2363834
2363838
2363839
2363840
2363842
2363843
2363844
2363846
2363852
2363855
2363859
2363862
2363863
2363868
2363870
2363874
2363879
2363882
2363885
2363887
2363889
2363894
2363895
2363901
2363902
2363904
2363905
2363907
2363908
2363910
2363914
2363919
2363925
2363926
2363928
2363932
2363936
2363938
2363939
2363942
2363947
2363949
2363950
2363951
2363952
2363957
2363958
2363962
2363963
2363964
2363965
2363967
2363970
2363973
2363974
2363978
2363981
2363988
2363993
2363996
2363997
2364000
2364002
2364005
2364008
2364009
2364010
2364015
2364016
2364018
2364020
2364023
2364024
2364025
2364027
2364029
2364031
2364032
2364036
2364038
2364040
2364042
2364043
2364047
2364048
2364050
2364051
2364052
2364053
2364055
2364056
2364058
2364059
2364061
2364062
2364064
2364065
2364067
2364068
2364075
2364079
2364083
2364086
2364087
2364091
2364092
2364094
2364095
2364097
2364100
2364101
2364110
2364111
2364112
2364113
2364119
2364126
2364131
2364132
2364136
2364138
2364144
2364145
2364147
2364153
2364154
2364157
2364158
2364159
2364160
2364165
2364166
2364168
2364170
2364173
2364174
2364186
2364188
2364189
2364191
2364192
2364196
2364197
2364199
2364200
2364202
2364203
2364207
2364211
2364214
2364215
2364216
2364219
2364227
2364228
2364229
2364233
2364234
2364238
2364243
2364244
2364246
2364247
2364251
2364252
2364253
2364254
2364255
2364258
2364259
2364260
2364264
2364265
2364269
2364270
2364271
2364274
2364281
2364285
2364286
2364291
2364293
2364301
2364303
2364305
2364312
2364318
2364322
2364325
2364326
2364327
2364330
2364332
2364339
2364340
2364347
2364349
2364350
2364352
2364354
2364355
2364358
2364359
2364361
2364365
2364371
2364373
2364374
2364377
2364385
2364386
2364387
2364390
2364396
2364400
2364405
2364410
2364412
2364413
2364417
2364425
2364427
2364430
2364436
2364437
2364440
2364443
2364447
2364448
2364449
2364451
2364453
2364454
2364456
2364457
2364459
2364460
2364462
2364463
2364465
2364466
2364468
2364471
2364475
2364476
2364480
2364484
2364489
2364490
2364494
2364495
2364497
2364499
2364500
2364501
2364503
2364504
2364505
2364513
2364516
2364517
2364518
2364520
2364521
2364527
2364534
2364537
2364541
2364542
2364548
2364549
2364550
2364553
2364557
2364568
2364569
2364571
2364577
2364581
2364584
2364588
2364589
2364591
2364595
2364601
2364602
2364603
2364604
2364605
2364607
2364609
2364611
2364612
2364613
2364614
2364618
2364619
2364623
2364627
2364631
2364635
2364637
2364644
2364646
2364651
2364652
2364653
2364654
2364655
2364659
2364661
2364664
2364666
2364668
2364669
2364671
2364673
2364677
2364689
2364693
2364694
2364697
2364704
2364708
2364709
2364710
2364711
2364713
2364714
2364715
2364719
2364720
2364723
2364725
2364728
2364729
2364739
2364741
2364743
2364746
2364747
2364748
2364749
2364750
2364751
2364753
2364755
2364756
2364757
2364759
2364760
2364763
2364764
2364774
2364782
2364784
2364785
2364786
2364792
2364793
2364799
2364805
2364807
2364808
2364809
2364810
2364811
2364816
2364822
2364825
2364827
2364828
2364831
2364833
2364841
2364842
2364844
2364848
2364849
2364850
2364851
2364853
2364859
2364861
2364867
2364872
2364876
2364881
2364885
2364888
2364897
2364899
2364905
2364906
2364909
2364911
2364914
2364916
2364918
2364920
2364925
2364927
2364929
2364930
2364932
2364934
2364938
2364941
2364945
2364947
2364949
2364952
2364954
2364955
2364956
2364959
2364961
2364962
2364972
2364973
2364974
2364976
2364978
2364981
2364987
2364988
2364992
2364994
2364996
2364997
2365002
2365004
2365008
2365013
2365014
2365015
2365019
2365021
2365022
2365025
2365031
2365034
2365035
2365038
2365039
2365040
2365041
2365042
2365050
2365054
2365055
2365059
2365061
2365064
2365065
2365066
2365073
2365074
2365075
2365076
2365078
2365081
2365082
2365083
2365084
2365087
2365088
2365090
2365091
2365093
2365097
2365101
2365105
2365106
2365107
2365111
2365112
2365115
2365116
2365119
2365120
2365123
2365124
2365125
2365127
2365132
2365134
2365135
2365137
2365139
2365141
2365145
2365146
2365148
2365150
2365152
2365153
2365154
2365155
2365157
2365158
2365159
2365162
2365166
2365168
2365170
2365171
2365176
2365179
2365180
2365182
2365185
2365188
2365191
2365192
2365194
2365198
2365199
2365200
2365205
2365206
2365207
2365211
2365212
2365216
2365218
2365220
2365224
2365227
2365228
2365234
2365235
2365239
2365240
2365243
2365244
2365250
2365252
2365253
2365254
2365255
2365256
2365257
2365258
2365259
2365264
2365265
2365266
2365269
2365272
2365273
2365274
2365278
2365284
2365288
2365289
2365290
2365291
2365292
2365293
2365294
2365296
2365299
2365300
2365309
2365310
2365311
2365312
2365314
2365320
2365324
2365325
2365330
2365333
2365336
2365340
2365341
2365344
2365346
2365349
2365352
2365354
2365355
2365360
2365365
2365366
2365370
2365371
2365376
2365381
2365385
2365387
2365392
2365395
2365397
2365399
2365400
2365403
2365405
2365407
2365408
2365409
2365411
2365414
2365415
2365418
2365420
2365421
2365425
2365431
2365434
2365437
2365438
2365439
2365440
2365441
2365442
2365443
2365444
2365447
2365448
2365449
2365450
2365452
2365453
2365456
2365458
2365459
2365462
2365470
2365478
2365482
2365487
2365488
2365490
2365491
2365494
2365498
2365499
2365501
2365504
2365505
2365510
2365513
2365516
2365518
2365521
2365523
2365524
2365526
2365532
2365533
2365537
2365540
2365541
2365542
2365544
2365548
2365550
2365551
2365553
2365555
2365557
2365567
2365571
2365573
2365578
2365582
2365583
2365584
2365585
2365586
2365587
2365588
2365589
2365591
2365598
2365600
2365601
2365604
2365606
2365607
2365609
2365611
2365615
2365626
2365628
2365629
2365631
2365634
2365635
2365643
2365644
2365645
2365647
2365648
2365650
2365657
2365658
2365661
2365664
2365665
2365676
2365679
2365680
2365681
2365683
2365684
2365688
2365689
2365690
2365691
2365695
2365697
2365699
2365700
2365701
2365708
2365711
2365713
2365714
2365716
2365717
2365718
2365719
2365720
2365721
2365725
2365728
2365730
2365731
2365732
2365733
2365734
2365737
2365738
2365740
2365744
2365745
2365749
2365756
2365762
2365764
2365766
2365768
2365771
2365772
2365773
2365774
2365776
2365781
2365783
2365785
2365788
2365790
2365794
2365800
2365808
2365809
2365810
2365811
2365814
2365820
2365821
2365823
2365824
2365825
2365826
2365829
2365830
2365836
2365837
2365838
2365839
2365840
2365845
2365846
2365849
2365850
2365853
2365857
2365859
2365862
2365864
2365865
2365870
2365872
2365875
2365881
2365882
2365883
2365887
2365888
2365895
2365900
2365904
2365908
2365915
2365916
2365918
2365921
2365922
2365923
2365926
2365929
2365932
2365935
2365937
2365946
2365947
2365949
2365950
2365955
2365960
2365962
2365968
2365972
2365979
2365980
2365982
2365986
2365991
2365992
2365994
2365997
2366001
2366003
2366004
2366006
2366010
2366011
2366013
2366015
2366016
2366019
2366020
2366021
2366022
2366023
2366029
2366030
2366031
2366038
2366047
2366048
2366049
2366051
2366053
2366058
2366059
2366060
2366062
2366064
2366065
2366068
2366069
2366070
2366073
2366076
2366078
2366081
2366087
2366089
2366090
2366091
2366092
2366099
2366100
2366101
2366102
2366106
2366108
2366109
2366110
2366111
2366114
2366115
2366118
2366119
2366120
2366122
2366124
2366125
2366127
2366130
2366132
2366134
2366136
2366141
2366145
2366152
2366153
2366155
2366157
2366158
2366160
2366162
2366163
2366164
2366165
2366167
2366168
2366169
2366170
2366171
2366172
2366175
2366177
2366178
2366179
2366183
2366186
2366188
2366190
2366192
2366199
2366200
2366204
2366212
2366213
2366219
2366220
2366223
2366224
2366225
2366234
2366236
2366237
2366240
2366244
2366246
2366248
2366250
2366251
2366252
2366254
2366257
2366258
2366259
2366260
2366262
2366263
2366268
2366281
2366284
2366285
2366287
2366290
2366296
2366297
2366299
2366300
2366306
2366307
2366313
2366314
2366315
2366318
2366319
2366325
2366328
2366330
2366331
2366335
2366336
2366338
2366340
2366342
2366347
2366348
2366350
2366351
2366352
2366355
2366360
2366362
2366363
2366365
2366367
2366370
2366371
2366372
2366374
2366375
2366376
2366377
2366378
2366380
2366382
2366386
2366388
2366389
2366396
2366397
2366398
2366400
2366402
2366406
2366407
2366410
2366414
2366416
2366420
2366423
2366431
2366437
2366440
2366441
2366442
2366449
2366450
2366451
2366454
2366455
2366460
2366463
2366465
2366471
2366472
2366473
2366474
2366480
2366488
2366491
2366492
2366493
2366494
2366497
2366498
2366499
2366500
2366501
2366502
2366504
2366507
2366511
2366512
2366520
2366522
2366523
2366526
2366527
2366528
2366531
2366532
2366535
2366539
2366547
2366548
2366549
2366550
2366555
2366557
2366560
2366561
2366573
2366574
2366575
2366577
2366579
2366581
2366583
2366585
2366591
2366592
2366593
2366596
2366597
2366599
2366601
2366603
2366607
2366612
2366614
2366618
2366620
2366621
2366623
2366624
2366626
2366627
2366629
2366630
2366631
2366633
2366634
2366636
2366638
2366640
2366641
2366644
2366646
2366648
2366650
2366652
2366666
2366667
2366669
2366674
2366675
2366676
2366681
2366682
2366685
2366687
2366690
2366693
2366700
2366701
2366702
2366705
2366713
2366717
2366720
2366729
2366731
2366732
2366736
2366739
2366741
2366742
2366743
2366744
2366745
2366749
2366750
2366753
2366754
2366757
2366759
2366762
2366768
2366769
2366775
2366783
2366784
2366787
2366794
2366795
2366797
2366798
2366802
2366803
2366805
2366808
2366812
2366813
2366817
2366818
2366819
2366824
2366825
2366828
2366829
2366830
2366831
2366833
2366835
2366836
2366837
2366843
2366847
2366850
2366851
2366857
2366864
2366865
2366866
2366868
2366872
2366873
2366874
2366877
2366880
2366882
2366883
2366889
2366890
2366893
2366894
2366895
2366899
2366903
2366904
2366905
2366908
2366912
2366916
2366918
2366921
2366922
2366927
2366929
2366931
2366932
2366937
2366938
2366939
2366943
2366944
2366947
2366949
2366956
2366960
2366961
2366969
2366971
2366973
2366974
2366976
2366977
2366981
2366982
2366985
2366988
2366991
2366992
2366993
2366995
2366997
2366999
2367004
2367008
2367009
2367010
2367011
2367012
2367015
2367016
2367019
2367020
2367021
2367022
2367025
2367029
2367032
2367036
2367039
2367042
2367047
2367048
2367049
2367051
2367052
2367060
2367062
2367063
2367065
2367066
2367069
2367070
2367072
2367073
2367074
2367076
2367077
2367081
2367083
2367089
2367092
2367096
2367101
2367104
2367108
2367110
2367112
2367115
2367116
2367118
2367119
2367120
2367121
2367127
2367128
2367129
2367133
2367135
2367138
2367141
2367145
2367147
2367149
2367150
2367152
2367155
2367158
2367160
2367161
2367164
2367165
2367166
2367168
2367169
2367171
2367173
2367175
2367180
2367181
2367182
2367185
2367189
2367191
2367193
2367194
2367196
2367197
2367198
2367199
2367200
2367204
2367213
2367214
2367216
2367220
2367221
2367222
2367225
2367229
2367230
2367232
2367234
2367235
2367236
2367238
2367244
2367254
2367255
2367260
2367264
2367265
2367269
2367270
2367276
2367277
2367279
2367282
2367283
2367288
2367289
2367292
2367294
2367296
2367302
2367303
2367305
2367306
2367309
2367312
2367313
2367314
2367315
2367316
2367321
2367327
2367328
2367330
2367331
2367335
2367338
2367340
2367341
2367344
2367347
2367350
2367352
2367360
2367361
2367362
2367363
2367365
2367368
2367370
2367372
2367375
2367376
2367377
2367378
2367381
2367382
2367386
2367387
2367393
2367397
2367398
2367403
2367405
2367406
2367408
2367410
2367411
2367414
2367415
2367417
2367419
2367423
2367425
2367427
2367429
2367433
2367434
2367435
2367437
2367438
2367442
2367443
2367447
2367448
2367450
2367451
2367455
2367459
2367461
2367466
2367470
2367471
2367473
2367478
2367481
2367483
2367489
2367490
2367494
2367501
2367502
2367503
2367508
2367510
2367516
2367523
2367528
2367530
2367531
2367532
2367533
2367536
2367537
2367541
2367542
2367543
2367546
2367549
2367550
2367552
2367554
2367555
2367556
2367558
2367561
2367563
2367567
2367569
2367571
2367574
2367575
2367577
2367580
2367583
2367584
2367586
2367594
2367596
2367597
2367605
2367607
2367608
2367610
2367617
2367619
2367620
2367621
2367622
2367633
2367635
2367639
2367641
2367642
2367643
2367648
2367650
2367651
2367652
2367653
2367657
2367658
2367659
2367661
2367663
2367666
2367667
2367669
2367673
2367683
2367688
2367691
2367692
2367697
2367698
2367703
2367704
2367705
2367706
2367707
2367710
2367711
2367712
2367716
2367717
2367718
2367719
2367720
2367724
2367725
2367727
2367728
2367730
2367732
2367733
2367734
2367735
2367736
2367737
2367738
2367740
2367741
2367745
2367746
2367748
2367754
2367757
2367758
2367761
2367764
2367765
2367770
2367771
2367773
2367775
2367776
2367777
2367780
2367783
2367785
2367788
2367789
2367793
2367794
2367797
2367800
2367801
2367803
2367804
2367806
2367807
2367809
2367811
2367813
2367819
2367820
2367822
2367823
2367824
2367827
2367829
2367834
2367835
2367840
2367841
2367844
2367845
2367846
2367850
2367851
2367857
2367858
2367861
2367864
2367868
2367869
2367870
2367872
2367876
2367884
2367885
2367887
2367888
2367889
2367890
2367891
2367893
2367895
2367897
2367898
2367904
2367907
2367909
2367913
2367915
2367916
2367918
2367920
2367922
2367925
2367926
2367928
2367929
2367932
2367938
2367943
2367944
2367950
2367952
2367954
2367955
2367959
2367960
2367961
2367962
2367965
2367969
2367972
2367973
2367974
2367975
2367976
2367978
2367983
2367984
2367986
2367993
2367997
2368001
2368004
2368007
2368010
2368017
2368021
2368023
2368024
2368025
2368028
2368030
2368033
2368037
2368039
2368044
2368048
2368050
2368051
2368057
2368058
2368061
2368063
2368066
2368068
2368069
2368070
2368071
2368072
2368074
2368075
2368076
2368079
2368081
2368084
2368085
2368088
2368090
2368091
2368092
2368095
2368096
2368102
2368105
2368106
2368109
2368114
2368116
2368123
2368124
2368125
2368127
2368136
2368138
2368142
2368147
2368149
2368156
2368158
2368162
2368164
2368168
2368176
2368177
2368178
2368179
2368180
2368190
2368191
2368192
2368201
2368202
2368210
2368214
2368216
2368220
2368224
2368226
2368229
2368232
2368233
2368235
2368237
2368238
2368241
2368242
2368243
2368244
2368245
2368247
2368249
2368252
2368254
2368255
2368256
2368259
2368266
2368267
2368268
2368276
2368281
2368283
2368286
2368290
2368291
2368294
2368297
2368300
2368301
2368303
2368304
2368307
2368308
2368312
2368315
2368317
2368319
2368320
2368322
2368324
2368325
2368327
2368328
2368331
2368332
2368334
2368335
2368338
2368340
2368352
2368355
2368357
2368365
2368367
2368380
2368381
2368382
2368385
2368386
2368387
2368391
2368393
2368395
2368402
2368404
2368406
2368409
2368410
2368413
2368416
2368417
2368418
2368419
2368424
2368426
2368427
2368428
2368432
2368433
2368434
2368435
2368437
2368438
2368441
2368443
2368446
2368451
2368452
2368454
2368455
2368457
2368460
2368466
2368468
2368469
2368470
2368475
2368477
2368478
2368482
2368487
2368489
2368493
2368494
2368495
2368501
2368504
2368505
2368510
2368511
2368514
2368515
2368517
2368519
2368520
2368522
2368523
2368528
2368529
2368530
2368531
2368537
2368538
2368543
2368544
2368547
2368550
2368551
2368556
2368557
2368562
2368568
2368571
2368577
2368579
2368584
2368586
2368587
2368590
2368591
2368592
2368595
2368601
2368602
2368607
2368612
2368617
2368619
2368620
2368621
2368622
2368623
2368624
2368627
2368630
2368631
2368633
2368634
2368636
2368638
2368640
2368642
2368643
2368644
2368646
2368648
2368651
2368653
2368654
2368655
2368659
2368660
2368663
2368666
2368669
2368671
2368674
2368675
2368686
2368687
2368692
2368696
2368697
2368698
2368700
2368701
2368702
2368703
2368704
2368705
2368708
2368709
2368710
2368714
2368716
2368720
2368721
2368722
2368726
2368727
2368731
2368740
2368741
2368745
2368746
2368748
2368751
2368752
2368753
2368757
2368758
2368762
2368765
2368767
2368769
2368774
2368775
2368778
2368779
2368784
2368785
2368789
2368791
2368792
2368796
2368797
2368798
2368799
2368805
2368806
2368808
2368810
2368811
2368812
2368813
2368816
2368817
2368827
2368833
2368834
2368836
2368840
2368841
2368842
2368844
2368846
2368849
2368850
2368851
2368859
2368865
2368868
2368870
2368873
2368874
2368878
2368884
2368885
2368891
2368893
2368895
2368897
2368898
2368900
2368902
2368903
2368905
2368910
2368912
2368919
2368922
2368924
2368926
2368927
2368928
2368929
2368930
2368933
2368937
2368939
2368940
2368941
2368944
2368945
2368960
2368961
2368962
2368964
2368965
2368968
2368972
2368973
2368975
2368977
2368985
2368987
2368996
2368998
2369004
2369010
2369011
2369012
2369015
2369024
2369026
2369027
2369030
2369031
2369036
2369037
2369042
2369045
2369051
2369052
2369053
2369054
2369057
2369059
2369061
2369063
2369066
2369070
2369074
2369076
2369078
2369084
2369085
2369092
2369094
2369096
2369102
2369106
2369108
2369111
2369114
2369115
2369117
2369122
2369124
2369131
2369132
2369136
2369139
2369143
2369144
2369146
2369149
2369151
2369155
2369158
2369164
2369168
2369174
2369178
2369182
2369188
2369192
2369194
2369195
2369196
2369198
2369199
2369204
2369205
2369206
2369211
2369212
2369213
2369214
2369216
2369218
2369220
2369223
2369225
2369235
2369236
2369237
2369241
2369246
2369248
2369250
2369252
2369259
2369261
2369263
2369265
2369267
2369279
2369287
2369297
2369301
2369305
2369310
2369311
2369315
2369316
2369318
2369320
2369323
2369327
2369328
2369339
2369341
2369348
2369354
2369355
2369356
2369359
2369360
2369364
2369365
2369366
2369371
2369381
2369383
2369389
2369390
2369393
2369395
2369397
2369403
2369406
2369410
2369421
2369422
2369424
2369425
2369426
2369430
2369431
2369438
2369441
2369442
2369446
2369448
2369450
2369453
2369454
2369455
2369457
2369458
2369460
2369464
2369465
2369470
2369471
2369472
2369475
2369482
2369484
2369486
2369488
2369495
2369496
2369504
2369509
2369510
2369513
2369519
2369521
2369522
2369524
2369527
2369529
2369531
2369534
2369536
2369537
2369544
2369548
2369549
2369550
2369552
2369556
2369558
2369564
2369570
2369573
2369574
2369575
2369582
2369585
2369591
2369592
2369595
2369596
2369597
2369598
2369601
2369603
2369604
2369607
2369609
2369612
2369614
2369617
2369620
2369621
2369622
2369624
2369625
2369627
2369628
2369630
2369634
2369635
2369638
2369641
2369645
2369650
2369651
2369652
2369653
2369654
2369659
2369660
2369661
2369662
2369664
2369668
2369673
2369676
2369679
2369680
2369682
2369683
2369685
2369690
2369693
2369695
2369697
2369698
2369699
2369700
2369704
2369706
2369713
2369714
2369715
2369720
2369724
2369725
2369728
2369732
2369737
2369738
2369740
2369743
2369746
2369747
2369751
2369753
2369764
2369765
2369769
2369770
2369771
2369772
2369779
2369780
2369781
2369783
2369784
2369786
2369793
2369797
2369798
2369803
2369805
2369806
2369808
2369809
2369810
2369812
2369819
2369820
2369823
2369824
2369827
2369828
2369830
2369831
2369833
2369834
2369836
2369837
2369841
2369842
2369843
2369844
2369845
2369848
2369849
2369850
2369854
2369855
2369856
2369859
2369862
2369866
2369867
2369868
2369871
2369873
2369874
2369875
2369877
2369880
2369887
2369889
2369891
2369896
2369899
2369901
2369902
2369906
2369908
2369911
2369912
2369913
2369914
2369915
2369917
2369918
2369919
2369920
2369922
2369923
2369925
2369929
2369931
2369936
2369937
2369938
2369941
2369944
2369946
2369950
2369951
2369956
2369960
2369962
2369966
2369972
2369973
2369977
2369980
2369981
2369982
2369983
2369986
2369990
2369996
2370001
2370003
2370006
2370010
2370013
2370018
2370019
2370022
2370025
2370030
2370031
2370032
2370034
2370038
2370039
2370040
2370045
2370047
2370051
2370053
2370058
2370059
2370060
2370061
2370064
2370066
2370076
2370079
2370080
2370081
2370085
2370091
2370093
2370094
2370096
2370103
2370110
2370117
2370122
2370123
2370129
2370133
2370135
2370136
2370138
2370142
2370143
2370148
2370151
2370154
2370157
2370159
2370161
2370165
2370171
2370174
2370176
2370179
2370180
2370181
2370183
2370190
2370191
2370192
2370195
2370197
2370198
2370202
2370203
2370205
2370206
2370208
2370211
2370215
2370218
2370219
2370221
2370228
2370229
2370235
2370239
2370246
2370251
2370253
2370255
2370260
2370261
2370263
2370264
2370265
2370269
2370271
2370274
2370276
2370278
2370279
2370281
2370282
2370284
2370287
2370292
2370295
2370296
2370299
2370300
2370309
2370311
2370313
2370316
2370317
2370319
2370320
2370322
2370326
2370327
2370330
2370331
2370335
2370338
2370339
2370341
2370342
2370343
2370348
2370351
2370352
2370354
2370355
2370356
2370358
2370359
2370360
2370361
2370362
2370364
2370365
2370370
2370374
2370379
2370380
2370382
2370384
2370385
2370386
2370387
2370392
2370394
2370400
2370401
2370405
2370407
2370408
2370411
2370413
2370414
2370418
2370419
2370421
2370427
2370428
2370429
2370433
2370434
2370435
2370439
2370444
2370446
2370448
2370451
2370452
2370459
2370461
2370463
2370464
2370470
2370476
2370477
2370482
2370483
2370484
2370489
2370490
2370492
2370493
2370495
2370497
2370498
2370499
2370503
2370505
2370513
2370514
2370515
2370518
2370520
2370524
2370528
2370529
2370530
2370531
2370537
2370548
2370553
2370555
2370556
2370557
2370558
2370559
2370560
2370576
2370577
2370578
2370584
2370587
2370591
2370592
2370597
2370598
2370603
2370604
2370608
2370610
2370612
2370613
2370614
2370618
2370622
2370624
2370625
2370626
2370629
2370632
2370633
2370637
2370642
2370643
2370645
2370652
2370654
2370655
2370656
2370657
2370659
2370665
2370667
2370669
2370670
2370671
2370672
2370684
2370685
2370687
2370688
2370690
2370694
2370695
2370696
2370697
2370702
2370703
2370705
2370707
2370710
2370711
2370715
2370716
2370717
2370718
2370719
2370724
2370728
2370729
2370730
2370732
2370733
2370735
2370741
2370744
2370745
2370746
2370747
2370749
2370751
2370755
2370761
2370765
2370767
2370768
2370769
2370772
2370773
2370774
2370775
2370777
2370779
2370780
2370781
2370784
2370785
2370788
2370793
2370797
2370799
2370802
2370805
2370813
2370814
2370817
2370818
2370819
2370820
2370826
2370829
2370831
2370832
2370833
2370836
2370837
2370839
2370845
2370846
2370850
2370851
2370856
2370862
2370866
2370868
2370870
2370871
2370872
2370873
2370875
2370877
2370879
2370881
2370882
2370883
2370884
2370886
2370887
2370888
2370889
2370895
2370896
2370902
2370903
2370907
2370910
2370911
2370918
2370920
2370922
2370923
2370924
2370926
2370927
2370928
2370929
2370930
2370932
2370933
2370936
2370939
2370940
2370941
2370950
2370954
2370956
2370958
2370959
2370960
2370961
2370964
2370966
2370972
2370974
2370975
2370976
2370979
2370981
2370982
2370985
2370986
2370987
2370988
2370990
2370993
2370994
2370998
2370999
2371000
2371003
2371005
2371007
2371009
2371014
2371016
2371018
2371020
2371021
2371024
2371025
2371029
2371030
2371031
2371032
2371034
2371035
2371036
2371037
2371040
2371043
2371047
2371054
2371056
2371059
2371061
2371062
2371063
2371065
2371072
2371073
2371078
2371082
2371085
2371086
2371087
2371089
2371090
2371091
2371093
2371094
2371098
2371103
2371108
2371109
2371110
2371111
2371112
2371114
2371115
2371117
2371120
2371121
2371127
2371131
2371132
2371133
2371134
2371139
2371142
2371144
2371149
2371152
2371155
2371156
2371159
2371162
2371163
2371168
2371169
2371170
2371173
2371176
2371186
2371188
2371189
2371190
2371192
2371194
2371196
2371199
2371200
2371202
2371205
2371209
2371210
2371212
2371215
2371219
2371221
2371224
2371226
2371231
2371239
2371243
2371246
2371247
2371251
2371252
2371255
2371264
2371267
2371269
2371270
2371274
2371277
2371278
2371280
2371281
2371282
2371283
2371285
2371286
2371287
2371289
2371302
2371304
2371305
2371313
2371314
2371315
2371318
2371320
2371328
2371329
2371334
2371336
2371340
2371344
2371345
2371346
2371353
2371355
2371358
2371359
2371364
2371365
2371366
2371369
2371371
2371372
2371374
2371375
2371376
2371377
2371378
2371379
2371386
2371392
2371394
2371400
2371403
2371405
2371408
2371411
2371412
2371413
2371417
2371420
2371421
2371422
2371423
2371427
2371432
2371433
2371434
2371435
2371436
2371437
2371439
2371441
2371443
2371444
2371452
2371453
2371457
2371458
2371460
2371465
2371469
2371471
2371475
2371476
2371479
2371481
2371483
2371484
2371489
2371490
2371492
2371496
2371499
2371500
2371502
2371503
2371504
2371513
2371514
2371520
2371524
2371527
2371528
2371533
2371538
2371542
2371546
2371547
2371553
2371556
2371564
2371565
2371567
2371568
2371570
2371575
2371577
2371578
2371583
2371586
2371587
2371588
2371589
2371592
2371595
2371605
2371609
2371610
2371611
2371616
2371619
2371620
2371629
2371633
2371635
2371638
2371640
2371643
2371646
2371651
2371653
2371654
2371655
2371656
2371657
2371660
2371662
2371663
2371673
2371674
2371685
2371688
2371690
2371691
2371692
2371695
2371698
2371699
2371700
2371701
2371705
2371708
2371710
2371713
2371717
2371718
2371722
2371724
2371726
2371727
2371728
2371730
2371732
2371734
2371736
2371741
2371742
2371745
2371746
2371748
2371750
2371752
2371755
2371759
2371760
2371764
2371765
2371768
2371770
2371771
2371781
2371783
2371784
2371785
2371787
2371788
2371792
2371793
2371794
2371795
2371796
2371800
2371801
2371804
2371805
2371807
2371809
2371810
2371812
2371814
2371815
2371820
2371822
2371827
2371829
2371831
2371832
2371836
2371842
2371844
2371846
2371847
2371850
2371852
2371858
2371865
2371866
2371868
2371871
2371872
2371874
2371875
2371877
2371881
2371882
2371888
2371889
2371891
2371892
2371896
2371897
2371900
2371901
2371902
2371903
2371906
2371908
2371913
2371915
2371916
2371918
2371922
2371923
2371927
2371928
2371938
2371943
2371945
2371950
2371951
2371954
2371957
2371958
2371959
2371968
2371971
2371973
2371978
2371982
2371984
2371988
2371990
2371991
2371994
2371995
2371997
2371998
2372007
2372017
2372020
2372022
2372027
2372028
2372031
2372032
2372034
2372038
2372039
2372040
2372041
2372043
2372045
2372046
2372047
2372049
2372050
2372051
2372052
2372054
2372055
2372058
2372059
2372063
2372069
2372076
2372078
2372085
2372086
2372089
2372090
2372096
2372099
2372100
2372101
2372105
2372106
2372108
2372109
2372110
2372111
2372114
2372119
2372120
2372121
2372123
2372127
2372128
2372130
2372132
2372134
2372135
2372136
2372139
2372143
2372151
2372155
2372163
2372164
2372166
2372168
2372169
2372174
2372175
2372176
2372178
2372180
2372181
2372185
2372186
2372188
2372191
2372192
2372199
2372201
2372202
2372206
2372207
2372208
2372209
2372210
2372214
2372215
2372216
2372218
2372220
2372221
2372222
2372223
2372225
2372226
2372227
2372237
2372239
2372240
2372241
2372243
2372248
2372258
2372265
2372266
2372267
2372268
2372269
2372270
2372272
2372278
2372281
2372282
2372290
2372293
2372299
2372301
2372306
2372307
2372309
2372310
2372311
2372312
2372313
2372319
2372321
2372322
2372323
2372325
2372326
2372327
2372332
2372337
2372339
2372343
2372345
2372353
2372358
2372361
2372364
2372369
2372371
2372372
2372374
2372375
2372378
2372379
2372380
2372381
2372382
2372387
2372389
2372390
2372394
2372396
2372399
2372400
2372401
2372404
2372405
2372406
2372408
2372409
2372411
2372413
2372417
2372425
2372429
2372430
2372433
2372435
2372439
2372440
2372441
2372442
2372444
2372448
2372452
2372454
2372455
2372456
2372459
2372460
2372461
2372463
2372469
2372471
2372474
2372477
2372478
2372479
2372481
2372485
2372486
2372487
2372488
2372491
2372492
2372496
2372498
2372501
2372502
2372503
2372504
2372507
2372508
2372509
2372513
2372519
2372522
2372528
2372529
2372531
2372533
2372538
2372541
2372542
2372544
2372546
2372549
2372552
2372556
2372557
2372558
2372559
2372561
2372562
2372565
2372569
2372573
2372575
2372576
2372579
2372581
2372587
2372590
2372591
2372593
2372602
2372606
2372609
2372622
2372625
2372627
2372633
2372635
2372636
2372637
2372639
2372641
2372642
2372645
2372648
2372649
2372653
2372654
2372659
2372662
2372663
2372664
2372670
2372672
2372674
2372678
2372679
2372684
2372686
2372687
2372688
2372689
2372690
2372694
2372696
2372697
2372701
2372702
2372703
2372707
2372712
2372713
2372719
2372722
2372723
2372726
2372727
2372733
2372735
2372738
2372739
2372740
2372745
2372746
2372752
2372753
2372754
2372756
2372757
2372761
2372762
2372765
2372771
2372772
2372777
2372781
2372785
2372788
2372789
2372793
2372794
2372797
2372799
2372800
2372801
2372803
2372805
2372807
2372811
2372812
2372813
2372816
2372817
2372825
2372826
2372827
2372829
2372830
2372834
2372835
2372836
2372837
2372840
2372843
2372844
2372847
2372850
2372852
2372853
2372854
2372855
2372857
2372858
2372861
2372863
2372867
2372868
2372871
2372873
2372877
2372879
2372883
2372891
2372896
2372899
2372906
2372910
2372915
2372916
2372917
2372921
2372923
2372927
2372929
2372930
2372931
2372936
2372937
2372938
2372945
2372947
2372948
2372949
2372955
2372957
2372959
2372960
2372964
2372968
2372974
2372976
2372989
2372991
2372993
2372996
2372997
2373000
2373005
2373007
2373008
2373009
2373010
2373012
2373013
2373014
2373017
2373020
2373024
2373030
2373032
2373034
2373039
2373040
2373043
2373046
2373047
2373049
2373050
2373054
2373055
2373058
2373063
2373064
2373065
2373067
2373068
2373072
2373076
2373077
2373078
2373079
2373080
2373082
2373086
2373087
2373089
2373090
2373094
2373097
2373101
2373104
2373109
2373110
2373118
2373122
2373126
2373127
2373129
2373132
2373133
2373136
2373137
2373143
2373145
2373146
2373147
2373149
2373151
2373155
2373158
2373159
2373161
2373166
2373167
2373169
2373170
2373173
2373174
2373175
2373181
2373183
2373184
2373186
2373188
2373193
2373194
2373195
2373196
2373197
2373200
2373202
2373203
2373204
2373205
2373206
2373208
2373209
2373210
2373214
2373222
2373224
2373225
2373231
2373239
2373240
2373241
2373245
2373254
2373258
2373264
2373266
2373269
2373271
2373274
2373276
2373277
2373278
2373279
2373280
2373282
2373283
2373284
2373286
2373289
2373290
2373292
2373303
2373305
2373307
2373308
2373310
2373316
2373319
2373321
2373322
2373323
2373325
2373326
2373327
2373331
2373338
2373341
2373343
2373344
2373346
2373347
2373350
2373351
2373352
2373353
2373355
2373356
2373358
2373359
2373365
2373368
2373369
2373373
2373374
2373379
2373382
2373384
2373385
2373387
2373388
2373389
2373390
2373392
2373396
2373397
2373400
2373401
2373402
2373403
2373404
2373409
2373411
2373417
2373420
2373421
2373427
2373428
2373430
2373438
2373439
2373440
2373441
2373443
2373446
2373447
2373449
2373451
2373452
2373453
2373454
2373456
2373458
2373460
2373464
2373467
2373471
2373472
2373474
2373478
2373481
2373484
2373485
2373487
2373490
2373492
2373493
2373494
2373496
2373497
2373498
2373500
2373501
2373502
2373504
2373505
2373506
2373507
2373508
2373511
2373518
2373519
2373522
2373523
2373524
2373525
2373527
2373531
2373532
2373538
2373541
2373547
2373548
2373549
2373550
2373551
2373554
2373555
2373557
2373559
2373561
2373566
2373567
2373568
2373574
2373577
2373578
2373580
2373581
2373585
2373591
2373594
2373595
2373606
2373607
2373609
2373610
2373611
2373613
2373615
2373616
2373620
2373621
2373623
2373624
2373625
2373626
2373627
2373628
2373629
2373630
2373632
2373638
2373639
2373643
2373646
2373653
2373656
2373660
2373662
2373663
2373664
2373672
2373673
2373680
2373681
2373682
2373683
2373684
2373686
2373687
2373689
2373691
2373695
2373696
2373698
2373699
2373709
2373710
2373711
2373714
2373715
2373718
2373725
2373726
2373727
2373731
2373733
2373735
2373736
2373741
2373746
2373747
2373749
2373753
2373758
2373759
2373761
2373762
2373764
2373772
2373773
2373775
2373776
2373778
2373780
2373785
2373786
2373787
2373790
2373791
2373792
2373793
2373794
2373797
2373798
2373799
2373800
2373801
2373806
2373810
2373812
2373815
2373816
2373820
2373822
2373826
2373831
2373834
2373836
2373837
2373840
2373841
2373842
2373846
2373851
2373852
2373853
2373855
2373862
2373863
2373864
2373866
2373867
2373871
2373872
2373873
2373882
2373883
2373884
2373885
2373887
2373889
2373891
2373892
2373893
2373894
2373895
2373896
2373899
2373901
2373906
2373907
2373917
2373919
2373920
2373922
2373923
2373924
2373925
2373926
2373930
2373931
2373932
2373933
2373936
2373940
2373941
2373943
2373947
2373948
2373950
2373951
2373953
2373954
2373966
2373969
2373970
2373973
2373977
2373981
2373986
2373989
2373990
2373992
2373997
2373998
2373999
2374003
2374004
2374008
2374009
2374013
2374016
2374023
2374024
2374026
2374027
2374028
2374031
2374036
2374040
2374045
2374046
2374050
2374051
2374052
2374057
2374058
2374062
2374069
2374070
2374072
2374073
2374089
2374090
2374091
2374094
2374095
2374096
2374100
2374102
2374103
2374104
2374105
2374109
2374110
2374111
2374117
2374118
2374119
2374121
2374125
2374127
2374129
2374130
2374132
2374134
2374135
2374138
2374139
2374141
2374142
2374146
2374147
2374153
2374154
2374156
2374157
2374158
2374160
2374164
2374167
2374168
2374169
2374171
2374172
2374175
2374177
2374179
2374180
2374181
2374182
2374208
2374211
2374212
2374214
2374215
2374217
2374218
2374222
2374223
2374225
2374227
2374232
2374236
2374237
2374239
2374241
2374250
2374251
2374252
2374254
2374256
2374257
2374261
2374263
2374264
2374268
2374270
2374271
2374273
2374275
2374277
2374278
2374279
2374282
2374283
2374284
2374286
2374287
2374288
2374290
2374292
2374298
2374302
2374309
2374312
2374316
2374319
2374326
2374334
2374337
2374340
2374342
2374345
2374346
2374347
2374350
2374352
2374353
2374354
2374355
2374357
2374358
2374359
2374362
2374371
2374374
2374377
2374378
2374379
2374380
2374385
2374387
2374390
2374392
2374394
2374395
2374396
2374399
2374400
2374402
2374405
2374408
2374409
2374412
2374413
2374414
2374415
2374418
2374421
2374422
2374429
2374431
2374432
2374433
2374436
2374437
2374438
2374439
2374442
2374443
2374444
2374446
2374447
2374449
2374456
2374457
2374460
2374463
2374465
2374468
2374472
2374481
2374485
2374487
2374488
2374491
2374492
2374493
2374494
2374495
2374496
2374500
2374503
2374504
2374509
2374511
2374512
2374513
2374515
2374517
2374518
2374524
2374530
2374534
2374539
2374540
2374541
2374542
2374543
2374546
2374547
2374550
2374552
2374553
2374558
2374563
2374564
2374565
2374566
2374568
2374573
2374574
2374575
2374578
2374580
2374581
2374584
2374585
2374589
2374593
2374594
2374596
2374597
2374601
2374606
2374608
2374612
2374615
2374618
2374619
2374620
2374621
2374622
2374625
2374626
2374627
2374632
2374636
2374646
2374647
2374648
2374651
2374653
2374654
2374657
2374659
2374664
2374666
2374667
2374668
2374670
2374673
2374675
2374677
2374679
2374682
2374683
2374684
2374688
2374691
2374694
2374697
2374701
2374703
2374706
2374710
2374713
2374714
2374718
2374720
2374721
2374724
2374726
2374728
2374734
2374735
2374736
2374737
2374738
2374739
2374740
2374741
2374742
2374748
2374749
2374750
2374753
2374759
2374760
2374766
2374768
2374769
2374777
2374779
2374780
2374782
2374785
2374787
2374788
2374789
2374794
2374797
2374798
2374804
2374806
2374817
2374819
2374820
2374825
2374831
2374842
2374845
2374850
2374853
2374854
2374857
2374858
2374859
2374863
2374865
2374869
2374871
2374872
2374873
2374880
2374885
2374888
2374892
2374894
2374895
2374896
2374900
2374901
2374902
2374906
2374911
2374915
2374916
2374917
2374918
2374922
2374925
2374926
2374928
2374931
2374932
2374935
2374937
2374938
2374940
2374941
2374943
2374946
2374947
2374949
2374955
2374957
2374964
2374966
2374968
2374970
2374971
2374974
2374976
2374978
2374980
2374982
2374984
2374985
2374987
2374988
2374992
2374993
2374994
2374996
2374999
2375003
2375005
2375009
2375010
2375013
2375014
2375016
2375018
2375023
2375028
2375032
2375035
2375036
2375038
2375040
2375051
2375052
2375053
2375054
2375058
2375061
2375062
2375065
2375068
2375073
2375075
2375078
2375079
2375080
2375083
2375085
2375088
2375091
2375092
2375096
2375099
2375104
2375106
2375107
2375108
2375109
2375111
2375115
2375117
2375118
2375125
2375128
2375129
2375131
2375132
2375135
2375136
2375137
2375139
2375142
2375143
2375144
2375147
2375149
2375151
2375154
2375156
2375157
2375159
2375164
2375168
2375169
2375174
2375176
2375177
2375178
2375184
2375190
2375194
2375195
2375196
2375203
2375210
2375211
2375213
2375215
2375219
2375221
2375222
2375223
2375226
2375227
2375230
2375231
2375233
2375235
2375238
2375240
2375242
2375245
2375250
2375251
2375255
2375257
2375259
2375260
2375263
2375266
2375269
2375270
2375272
2375273
2375275
2375276
2375282
2375284
2375288
2375290
2375291
2375292
2375294
2375300
2375303
2375304
2375306
2375317
2375318
2375320
2375321
2375323
2375333
2375338
2375343
2375348
2375350
2375351
2375353
2375358
2375365
2375366
2375368
2375370
2375381
2375385
2375388
2375389
2375392
2375395
2375396
2375398
2375399
2375403
2375405
2375406
2375409
2375417
2375422
2375423
2375424
2375425
2375426
2375427
2375430
2375432
2375434
2375441
2375442
2375444
2375446
2375448
2375456
2375457
2375459
2375464
2375470
2375472
2375475
2375479
2375484
2375486
2375487
2375490
2375497
2375498
2375500
2375503
2375504
2375506
2375510
2375513
2375514
2375521
2375522
2375524
2375525
2375528
2375538
2375545
2375547
2375550
2375551
2375552
2375555
2375561
2375565
2375566
2375570
2375572
2375573
2375576
2375577
2375580
2375581
2375585
2375588
2375589
2375592
2375593
2375598
2375599
2375600
2375611
2375612
2375613
2375625
2375626
2375633
2375636
2375641
2375644
2375647
2375648
2375652
2375653
2375655
2375658
2375668
2375670
2375672
2375673
2375674
2375678
2375679
2375682
2375683
2375685
2375689
2375691
2375692
2375702
2375706
2375708
2375709
2375710
2375712
2375713
2375716
2375717
2375718
2375720
2375722
2375724
2375725
2375728
2375729
2375731
2375736
2375737
2375738
2375739
2375741
2375742
2375743
2375747
2375749
2375752
2375757
2375761
2375762
2375764
2375772
2375775
2375778
2375779
2375793
2375794
2375795
2375799
2375803
2375805
2375808
2375810
2375815
2375819
2375822
2375824
2375832
2375844
2375850
2375853
2375858
2375861
2375862
2375863
2375865
2375867
2375869
2375872
2375873
2375874
2375875
2375876
2375878
2375883
2375885
2375893
2375902
2375903
2375904
2375906
2375907
2375911
2375912
2375916
2375917
2375919
2375920
2375925
2375930
2375932
2375933
2375934
2375944
2375947
2375948
2375957
2375962
2375963
2375964
2375970
2375975
2375978
2375979
2375980
2375986
2375987
2375989
2375993
2376003
2376007
2376008
2376010
2376011
2376015
2376016
2376022
2376024
2376027
2376028
2376031
2376032
2376034
2376038
2376042
2376043
2376045
2376048
2376049
2376050
2376051
2376052
2376055
2376058
2376059
2376061
2376065
2376068
2376071
2376073
2376074
2376075
2376079
2376080
2376083
2376084
2376086
2376091
2376092
2376093
2376095
2376097
2376102
2376105
2376108
2376111
2376114
2376116
2376120
2376123
2376127
2376130
2376137
2376138
2376142
2376144
2376146
2376148
2376149
2376151
2376154
2376156
2376158
2376161
2376162
2376170
2376172
2376173
2376176
2376177
2376180
2376184
2376187
2376189
2376190
2376191
2376193
2376194
2376195
2376196
2376197
2376202
2376207
2376208
2376209
2376210
2376211
2376213
2376214
2376216
2376218
2376221
2376222
2376224
2376227
2376229
2376232
2376233
2376236
2376237
2376238
2376241
2376242
2376245
2376246
2376248
2376250
2376253
2376254
2376257
2376258
2376259
2376270
2376274
2376278
2376279
2376281
2376283
2376285
2376286
2376287
2376288
2376289
2376293
2376294
2376295
2376296
2376301
2376307
2376311
2376314
2376315
2376319
2376321
2376322
2376325
2376327
2376329
2376330
2376331
2376332
2376335
2376336
2376337
2376342
2376343
2376346
2376354
2376357
2376361
2376366
2376367
2376368
2376369
2376370
2376371
2376372
2376376
2376381
2376383
2376387
2376389
2376391
2376393
2376395
2376400
2376401
2376402
2376403
2376408
2376411
2376412
2376413
2376415
2376420
2376422
2376428
2376432
2376434
2376435
2376439
2376440
2376442
2376443
2376444
2376445
2376447
2376449
2376450
2376452
2376455
2376464
2376468
2376471
2376473
2376476
2376481
2376482
2376483
2376484
2376485
2376487
2376488
2376494
2376495
2376497
2376498
2376505
2376507
2376508
2376511
2376514
2376516
2376520
2376525
2376527
2376529
2376532
2376533
2376534
2376536
2376537
2376539
2376540
2376541
2376542
2376544
2376550
2376555
2376556
2376557
2376568
2376569
2376571
2376572
2376576
2376577
2376578
2376580
2376583
2376584
2376593
2376595
2376600
2376602
2376603
2376604
2376607
2376608
2376609
2376612
2376615
2376616
2376617
2376619
2376620
2376621
2376622
2376623
2376624
2376626
2376628
2376629
2376637
2376639
2376640
2376642
2376644
2376653
2376654
2376659
2376661
2376663
2376671
2376673
2376679
2376682
2376684
2376687
2376691
2376693
2376698
2376702
2376705
2376707
2376708
2376709
2376710
2376715
2376723
2376726
2376728
2376730
2376731
2376732
2376733
2376734
2376736
2376739
2376741
2376748
2376749
2376752
2376753
2376755
2376756
2376757
2376765
2376767
2376770
2376771
2376773
2376779
2376780
2376787
2376788
2376789
2376793
2376794
2376799
2376804
2376806
2376809
2376810
2376811
2376821
2376822
2376823
2376834
2376836
2376837
2376838
2376839
2376840
2376842
2376853
2376855
2376857
2376858
2376860
2376862
2376863
2376865
2376871
2376876
2376877
2376879
2376883
2376885
2376888
2376892
2376894
2376898
2376900
2376901
2376902
2376903
2376907
2376911
2376912
2376915
2376919
2376924
2376925
2376930
2376931
2376935
2376936
2376943
2376947
2376948
2376949
2376953
2376957
2376959
2376962
2376966
2376967
2376971
2376974
2376975
2376976
2376979
2376980
2376981
2376986
2376991
2376992
2376993
2376994
2376997
2377002
2377003
2377006
2377007
2377008
2377011
2377012
2377013
2377014
2377018
2377019
2377020
2377022
2377023
2377025
2377027
2377034
2377040
2377041
2377042
2377043
2377050
2377053
2377055
2377058
2377064
2377065
2377066
2377068
2377069
2377070
2377073
2377074
2377078
2377081
2377082
2377084
2377085
2377086
2377087
2377090
2377091
2377093
2377096
2377101
2377105
2377107
2377109
2377112
2377114
2377115
2377119
2377120
2377121
2377123
2377128
2377130
2377131
2377136
2377142
2377144
2377148
2377149
2377152
2377153
2377154
2377158
2377160
2377162
2377169
2377176
2377178
2377181
2377182
2377183
2377187
2377189
2377197
2377198
2377199
2377204
2377206
2377207
2377208
2377209
2377215
2377216
2377219
2377224
2377225
2377230
2377231
2377232
2377235
2377236
2377237
2377241
2377245
2377246
2377247
2377248
2377250
2377251
2377252
2377253
2377255
2377256
2377260
2377261
2377264
2377266
2377270
2377271
2377276
2377278
2377280
2377282
2377283
2377284
2377286
2377287
2377288
2377294
2377295
2377297
2377302
2377305
2377306
2377313
2377314
2377318
2377319
2377320
2377321
2377322
2377324
2377326
2377327
2377334
2377336
2377338
2377339
2377344
2377347
2377352
2377353
2377354
2377355
2377358
2377361
2377366
2377370
2377379
2377381
2377382
2377383
2377386
2377388
2377389
2377390
2377392
2377394
2377397
2377403
2377404
2377405
2377408
2377410
2377412
2377418
2377421
2377422
2377423
2377424
2377425
2377426
2377429
2377432
2377434
2377435
2377436
2377438
2377440
2377442
2377445
2377447
2377449
2377454
2377455
2377458
2377459
2377461
2377462
2377464
2377465
2377466
2377467
2377469
2377477
2377492
2377493
2377497
2377498
2377500
2377501
2377503
2377504
2377507
2377510
2377512
2377515
2377517
2377519
2377526
2377529
2377534
2377535
2377537
2377540
2377542
2377545
2377547
2377548
2377551
2377552
2377553
2377554
2377558
2377561
2377563
2377567
2377568
2377570
2377578
2377579
2377586
2377587
2377591
2377593
2377597
2377598
2377599
2377602
2377606
2377612
2377613
2377615
2377618
2377620
2377623
2377625
2377632
2377635
2377637
2377639
2377642
2377644
2377647
2377650
2377651
2377652
2377655
2377656
2377660
2377661
2377663
2377668
2377670
2377673
2377676
2377678
2377679
2377681
2377682
2377684
2377686
2377688
2377690
2377693
2377694
2377695
2377696
2377698
2377700
2377701
2377706
2377710
2377711
2377713
2377714
2377715
2377718
2377722
2377723
2377728
2377730
2377731
2377733
2377736
2377737
2377740
2377741
2377742
2377745
2377746
2377750
2377753
2377754
2377755
2377757
2377759
2377761
2377768
2377771
2377774
2377777
2377778
2377779
2377780
2377781
2377783
2377785
2377787
2377790
2377791
2377794
2377796
2377801
2377802
2377804
2377805
2377808
2377810
2377817
2377819
2377822
2377830
2377833
2377835
2377836
2377837
2377838
2377839
2377840
2377841
2377846
2377849
2377850
2377851
2377852
2377853
2377858
2377859
2377860
2377861
2377867
2377868
2377875
2377881
2377882
2377883
2377889
2377893
2377896
2377900
2377908
2377911
2377914
2377918
2377919
2377922
2377925
2377927
2377929
2377931
2377934
2377940
2377941
2377942
2377943
2377944
2377946
2377947
2377951
2377957
2377960
2377967
2377968
2377970
2377973
2377974
2377976
2377980
2377982
2377985
2377997
2378002
2378005
2378009
2378013
2378019
2378023
2378027
2378034
2378035
2378037
2378039
2378041
2378042
2378043
2378047
2378048
2378049
2378050
2378053
2378054
2378057
2378059
2378061
2378066
2378067
2378072
2378074
2378076
2378079
2378083
2378086
2378093
2378095
2378096
2378099
2378100
2378101
2378102
2378103
2378106
2378110
2378113
2378115
2378116
2378120
2378125
2378127
2378129
2378132
2378133
2378136
2378138
2378140
2378142
2378144
2378146
2378149
2378151
2378152
2378154
2378164
2378165
2378166
2378170
2378171
2378176
2378182
2378183
2378184
2378186
2378188
2378197
2378198
2378199
2378203
2378210
2378213
2378220
2378221
2378222
2378225
2378227
2378228
2378233
2378234
2378235
2378238
2378239
2378242
2378243
2378252
2378253
2378257
2378258
2378259
2378265
2378266
2378267
2378270
2378273
2378275
2378279
2378280
2378282
2378283
2378286
2378288
2378290
2378294
2378295
2378296
2378297
2378298
2378299
2378300
2378305
2378308
2378310
2378311
2378314
2378318
2378321
2378325
2378326
2378327
2378329
2378331
2378332
2378335
2378336
2378338
2378339
2378340
2378342
2378343
2378349
2378353
2378358
2378361
2378365
2378369
2378371
2378372
2378374
2378375
2378376
2378380
2378382
2378384
2378386
2378389
2378390
2378392
2378395
2378400
2378401
2378404
2378406
2378407
2378411
2378413
2378415
2378417
2378422
2378424
2378426
2378429
2378431
2378434
2378435
2378448
2378450
2378452
2378455
2378461
2378462
2378468
2378469
2378470
2378471
2378478
2378481
2378485
2378486
2378490
2378491
2378493
2378495
2378496
2378498
2378499
2378502
2378503
2378507
2378512
2378513
2378514
2378515
2378527
2378531
2378532
2378551
2378554
2378555
2378558
2378559
2378560
2378562
2378564
2378565
2378569
2378571
2378572
2378573
2378579
2378580
2378581
2378583
2378584
2378587
2378592
2378598
2378599
2378601
2378605
2378611
2378612
2378614
2378620
2378628
2378630
2378632
2378636
2378637
2378639
2378640
2378641
2378648
2378650
2378651
2378653
2378655
2378658
2378660
2378662
2378664
2378667
2378668
2378673
2378676
2378686
2378690
2378691
2378693
2378696
2378698
2378699
2378700
2378708
2378710
2378712
2378713
2378716
2378721
2378724
2378725
2378729
2378733
2378735
2378736
2378737
2378738
2378742
2378743
2378744
2378746
2378752
2378753
2378755
2378756
2378761
2378762
2378766
2378767
2378769
2378770
2378773
2378777
2378787
2378790
2378797
2378798
2378802
2378803
2378804
2378810
2378811
2378812
2378814
2378816
2378817
2378820
2378824
2378825
2378827
2378830
2378831
2378834
2378835
2378839
2378842
2378844
2378845
2378848
2378849
2378851
2378861
2378873
2378875
2378877
2378879
2378886
2378889
2378892
2378896
2378897
2378898
2378899
2378901
2378903
2378908
2378911
2378912
2378913
2378917
2378920
2378926
2378929
2378930
2378933
2378934
2378935
2378938
2378940
2378941
2378942
2378944
2378946
2378947
2378949
2378952
2378953
2378957
2378960
2378961
2378963
2378965
2378971
2378975
2378978
2378980
2378984
2378986
2378987
2378988
2378990
2378993
2378994
2378998
2379001
2379006
2379009
2379010
2379027
2379030
2379038
2379050
2379054
2379057
2379062
2379063
2379064
2379066
2379067
2379069
2379070
2379072
2379073
2379078
2379085
2379086
2379092
2379094
2379095
2379097
2379100
2379103
2379105
2379109
2379110
2379111
2379112
2379114
2379115
2379116
2379118
2379119
2379124
2379125
2379126
2379127
2379129
2379134
2379136
2379141
2379143
2379144
2379147
2379153
2379156
2379157
2379159
2379162
2379163
2379169
2379173
2379177
2379181
2379183
2379187
2379191
2379193
2379197
2379198
2379200
2379201
2379202
2379209
2379215
2379218
2379220
2379222
2379223
2379229
2379234
2379237
2379240
2379244
2379245
2379246
2379247
2379250
2379258
2379262
2379263
2379264
2379265
2379269
2379277
2379283
2379289
2379291
2379292
2379295
2379296
2379300
2379302
2379303
2379304
2379307
2379308
2379310
2379311
2379314
2379315
2379316
2379318
2379319
2379322
2379327
2379330
2379333
2379337
2379338
2379339
2379341
2379345
2379346
2379358
2379361
2379362
2379367
2379368
2379371
2379378
2379381
2379382
2379386
2379388
2379390
2379393
2379394
2379395
2379397
2379400
2379401
2379403
2379405
2379408
2379410
2379414
2379417
2379421
2379424
2379427
2379428
2379429
2379430
2379431
2379433
2379436
2379438
2379440
2379446
2379448
2379449
2379450
2379453
2379454
2379455
2379456
2379458
2379460
2379467
2379470
2379477
2379484
2379488
2379490
2379491
2379496
2379502
2379503
2379504
2379506
2379507
2379509
2379510
2379511
2379513
2379515
2379519
2379520
2379521
2379526
2379527
2379529
2379531
2379533
2379535
2379536
2379539
2379540
2379541
2379542
2379544
2379546
2379548
2379550
2379554
2379557
2379558
2379561
2379562
2379563
2379565
2379568
2379569
2379572
2379578
2379581
2379584
2379587
2379588
2379593
2379595
2379596
2379598
2379599
2379603
2379607
2379612
2379618
2379620
2379622
2379626
2379627
2379631
2379638
2379639
2379640
2379646
2379649
2379652
2379655
2379658
2379659
2379660
2379661
2379665
2379667
2379668
2379674
2379675
2379677
2379681
2379683
2379684
2379688
2379692
2379693
2379704
2379708
2379711
2379712
2379713
2379714
2379715
2379716
2379717
2379721
2379722
2379723
2379725
2379728
2379730
2379732
2379733
2379736
2379739
2379740
2379741
2379745
2379746
2379749
2379750
2379761
2379762
2379765
2379767
2379770
2379772
2379784
2379792
2379796
2379800
2379801
2379802
2379807
2379817
2379820
2379822
2379823
2379831
2379834
2379836
2379837
2379838
2379842
2379848
2379855
2379860
2379862
2379863
2379864
2379865
2379867
2379883
2379889
2379890
2379891
2379893
2379896
2379899
2379900
2379903
2379906
2379907
2379909
2379911
2379913
2379915
2379919
2379920
2379921
2379922
2379924
2379929
2379932
2379937
2379939
2379943
2379948
2379954
2379956
2379958
2379961
2379962
2379969
2379970
2379975
2379979
2379980
2379986
2379987
2379989
2379991
2379999
2380003
2380008
2380009
2380011
2380012
2380018
2380019
2380021
2380029
2380032
2380033
2380035
2380039
2380042
2380044
2380046
2380047
2380050
2380051
2380057
2380058
2380063
2380065
2380070
2380076
2380077
2380079
2380081
2380084
2380088
2380089
2380090
2380096
2380098
2380100
2380104
2380106
2380109
2380113
2380114
2380117
2380121
2380122
2380123
2380129
2380130
2380132
2380135
2380136
2380138
2380139
2380142
2380143
2380145
2380146
2380148
2380149
2380151
2380156
2380157
2380158
2380163
2380164
2380167
2380170
2380174
2380175
2380176
2380177
2380186
2380189
2380191
2380193
2380195
2380196
2380197
2380198
2380200
2380203
2380204
2380206
2380209
2380221
2380222
2380229
2380230
2380234
2380235
2380238
2380239
2380240
2380241
2380242
2380243
2380246
2380251
2380252
2380253
2380255
2380260
2380269
2380270
2380271
2380272
2380273
2380274
2380276
2380277
2380279
2380280
2380282
2380284
2380290
2380292
2380294
2380296
2380299
2380300
2380302
2380303
2380308
2380309
2380310
2380312
2380314
2380317
2380318
2380319
2380323
2380330
2380333
2380335
2380336
2380337
2380339
2380343
2380346
2380347
2380350
2380356
2380357
2380358
2380361
2380362
2380366
2380370
2380371
2380372
2380374
2380378
2380380
2380385
2380388
2380389
2380390
2380392
2380393
2380394
2380400
2380404
2380405
2380406
2380409
2380413
2380416
2380421
2380422
2380423
2380425
2380428
2380430
2380433
2380434
2380437
2380440
2380442
2380443
2380444
2380448
2380449
2380451
2380458
2380460
2380465
2380466
2380468
2380470
2380472
2380474
2380476
2380478
2380482
2380484
2380486
2380488
2380489
2380494
2380497
2380498
2380500
2380504
2380505
2380507
2380508
2380509
2380511
2380514
2380515
2380518
2380521
2380523
2380525
2380526
2380529
2380530
2380531
2380532
2380534
2380536
2380539
2380540
2380541
2380544
2380546
2380548
2380552
2380556
2380563
2380565
2380572
2380573
2380574
2380575
2380583
2380586
2380593
2380594
2380596
2380600
2380604
2380606
2380612
2380616
2380617
2380618
2380619
2380621
2380622
2380623
2380626
2380627
2380628
2380630
2380631
2380632
2380636
2380638
2380641
2380642
2380646
2380647
2380648
2380649
2380651
2380653
2380656
2380657
2380658
2380663
2380664
2380666
2380667
2380668
2380669
2380670
2380674
2380675
2380681
2380684
2380696
2380697
2380700
2380702
2380704
2380706
2380707
2380712
2380713
2380716
2380721
2380723
2380725
2380727
2380728
2380735
2380736
2380738
2380741
2380743
2380745
2380747
2380748
2380749
2380750
2380754
2380757
2380758
2380761
2380764
2380770
2380771
2380774
2380776
2380778
2380780
2380784
2380789
2380790
2380796
2380799
2380801
2380802
2380804
2380805
2380813
2380816
2380823
2380824
2380825
2380830
2380832
2380834
2380836
2380838
2380840
2380841
2380843
2380844
2380846
2380852
2380854
2380855
2380858
2380859
2380860
2380864
2380866
2380870
2380872
2380875
2380878
2380880
2380884
2380886
2380887
2380888
2380889
2380895
2380897
2380898
2380904
2380906
2380907
2380908
2380909
2380912
2380915
2380917
2380919
2380922
2380923
2380925
2380927
2380930
2380931
2380935
2380937
2380949
2380957
2380960
2380961
2380967
2380971
2380974
2380978
2380981
2380984
2380985
2380990
2380994
2380995
2380997
2381000
2381006
2381009
2381015
2381020
2381027
2381029
2381030
2381032
2381035
2381041
2381044
2381046
2381052
2381057
2381061
2381062
2381068
2381070
2381074
2381081
2381082
2381087
2381088
2381091
2381092
2381093
2381094
2381096
2381098
2381100
2381103
2381105
2381106
2381108
2381110
2381112
2381113
2381114
2381116
2381117
2381122
2381123
2381124
2381125
2381131
2381134
2381135
2381138
2381140
2381143
2381145
2381147
2381148
2381150
2381155
2381156
2381159
2381162
2381169
2381178
2381179
2381182
2381183
2381185
2381186
2381188
2381189
2381196
2381198
2381199
2381202
2381203
2381205
2381206
2381210
2381211
2381216
2381217
2381222
2381223
2381226
2381227
2381237
2381238
2381242
2381246
2381252
2381253
2381254
2381256
2381260
2381262
2381263
2381264
2381268
2381269
2381274
2381275
2381279
2381280
2381283
2381286
2381287
2381291
2381296
2381297
2381302
2381304
2381309
2381314
2381315
2381316
2381321
2381323
2381327
2381332
2381336
2381337
2381339
2381340
2381341
2381343
2381344
2381347
2381349
2381354
2381355
2381356
2381358
2381360
2381361
2381365
2381366
2381367
2381368
2381371
2381374
2381375
2381376
2381379
2381382
2381384
2381388
2381389
2381393
2381396
2381398
2381399
2381401
2381406
2381414
2381417
2381419
2381420
2381422
2381423
2381430
2381433
2381435
2381441
2381443
2381444
2381451
2381453
2381454
2381458
2381462
2381464
2381465
2381467
2381468
2381472
2381473
2381476
2381480
2381481
2381484
2381487
2381488
2381489
2381492
2381497
2381499
2381503
2381504
2381509
2381512
2381517
2381519
2381521
2381523
2381524
2381525
2381527
2381534
2381535
2381536
2381541
2381545
2381547
2381549
2381552
2381554
2381555
2381556
2381559
2381560
2381561
2381563
2381565
2381566
2381567
2381568
2381569
2381572
2381573
2381575
2381580
2381581
2381582
2381586
2381588
2381590
2381591
2381594
2381596
2381597
2381602
2381603
2381611
2381615
2381617
2381620
2381621
2381627
2381628
2381632
2381633
2381634
2381637
2381639
2381641
2381645
2381646
2381648
2381651
2381652
2381655
2381656
2381658
2381659
2381661
2381664
2381669
2381671
2381672
2381678
2381679
2381680
2381682
2381683
2381684
2381687
2381688
2381690
2381691
2381692
2381695
2381696
2381698
2381702
2381719
2381720
2381722
2381725
2381726
2381731
2381732
2381733
2381740
2381743
2381746
2381748
2381749
2381754
2381756
2381763
2381768
2381779
2381780
2381781
2381782
2381783
2381793
2381794
2381795
2381796
2381798
2381802
2381807
2381808
2381813
2381817
2381820
2381823
2381826
2381828
2381829
2381831
2381832
2381833
2381835
2381841
2381845
2381850
2381852
2381856
2381858
2381859
2381865
2381874
2381878
2381885
2381886
2381895
2381897
2381900
2381901
2381902
2381909
2381910
2381916
2381921
2381922
2381923
2381925
2381928
2381929
2381935
2381936
2381939
2381940
2381941
2381942
2381948
2381950
2381951
2381952
2381956
2381957
2381964
2381966
2381967
2381977
2381979
2381985
2381987
2381989
2381993
2381994
2381995
2381998
2382000
2382009
2382010
2382014
2382019
2382023
2382025
2382029
2382032
2382034
2382041
2382043
2382044
2382046
2382051
2382052
2382054
2382055
2382062
2382064
2382065
2382068
2382074
2382083
2382084
2382086
2382089
2382091
2382093
2382094
2382096
2382097
2382098
2382100
2382102
2382104
2382105
2382106
2382107
2382109
2382110
2382112
2382117
2382118
2382122
2382124
2382128
2382129
2382133
2382139
2382147
2382151
2382154
2382161
2382162
2382165
2382177
2382179
2382184
2382186
2382187
2382189
2382191
2382192
2382194
2382195
2382197
2382198
2382202
2382207
2382208
2382210
2382214
2382221
2382223
2382224
2382229
2382231
2382237
2382239
2382245
2382252
2382254
2382256
2382257
2382259
2382268
2382275
2382278
2382279
2382281
2382282
2382287
2382289
2382292
2382295
2382297
2382298
2382299
2382301
2382303
2382306
2382310
2382311
2382312
2382314
2382316
2382318
2382320
2382327
2382328
2382331
2382333
2382336
2382337
2382338
2382344
2382350
2382351
2382352
2382354
2382356
2382358
2382362
2382363
2382365
2382366
2382369
2382374
2382376
2382378
2382379
2382380
2382381
2382382
2382383
2382386
2382390
2382393
2382394
2382395
2382396
2382398
2382401
2382403
2382405
2382406
2382409
2382410
2382411
2382417
2382418
2382421
2382423
2382427
2382428
2382429
2382431
2382436
2382438
2382445
2382446
2382447
2382448
2382456
2382462
2382464
2382468
2382469
2382471
2382472
2382473
2382474
2382475
2382477
2382484
2382486
2382487
2382489
2382491
2382493
2382494
2382495
2382497
2382498
2382500
2382501
2382505
2382506
2382507
2382508
2382509
2382515
2382517
2382518
2382520
2382524
2382527
2382529
2382531
2382535
2382536
2382537
2382538
2382539
2382541
2382542
2382546
2382547
2382550
2382552
2382553
2382556
2382557
2382561
2382564
2382566
2382569
2382571
2382574
2382575
2382576
2382579
2382585
2382594
2382597
2382598
2382603
2382607
2382608
2382612
2382614
2382617
2382619
2382620
2382622
2382625
2382628
2382630
2382632
2382644
2382652
2382653
2382654
2382655
2382658
2382661
2382668
2382670
2382673
2382677
2382678
2382679
2382680
2382685
2382695
2382698
2382699
2382706
2382710
2382715
2382718
2382719
2382721
2382722
2382723
2382730
2382732
2382737
2382739
2382740
2382741
2382744
2382748
2382749
2382752
2382753
2382754
2382755
2382757
2382758
2382759
2382765
2382766
2382767
2382769
2382775
2382779
2382784
2382787
2382792
2382795
2382799
2382806
2382811
2382823
2382828
2382829
2382830
2382832
2382833
2382834
2382837
2382839
2382841
2382844
2382845
2382850
2382852
2382855
2382858
2382859
2382861
2382864
2382867
2382870
2382873
2382878
2382879
2382882
2382889
2382890
2382891
2382900
2382905
2382907
2382910
2382914
2382916
2382920
2382922
2382923
2382924
2382925
2382929
2382932
2382933
2382934
2382939
2382940
2382941
2382942
2382943
2382948
2382951
2382952
2382953
2382954
2382960
2382962
2382963
2382966
2382968
2382971
2382974
2382977
2382978
2382982
2382984
2382985
2382989
2382990
2382992
2382994
2382995
2382996
2382997
2382999
2383001
2383004
2383007
2383009
2383010
2383011
2383012
2383013
2383014
2383015
2383016
2383017
2383019
2383021
2383025
2383029
2383031
2383032
2383035
2383040
2383042
2383045
2383046
2383051
2383052
2383058
2383059
2383060
2383061
2383064
2383068
2383073
2383075
2383079
2383080
2383084
2383089
2383095
2383098
2383100
2383101
2383103
2383107
2383109
2383110
2383115
2383120
2383124
2383127
2383130
2383131
2383133
2383134
2383140
2383142
2383143
2383145
2383146
2383151
2383152
2383154
2383158
2383159
2383163
2383168
2383173
2383182
2383183
2383184
2383185
2383188
2383189
2383196
2383199
2383201
2383203
2383204
2383205
2383206
2383207
2383211
2383213
2383214
2383222
2383224
2383228
2383229
2383231
2383233
2383235
2383236
2383237
2383240
2383245
2383247
2383248
2383249
2383250
2383254
2383256
2383261
2383266
2383268
2383278
2383282
2383283
2383285
2383287
2383288
2383292
2383293
2383295
2383296
2383297
2383298
2383301
2383304
2383310
2383311
2383313
2383315
2383317
2383321
2383322
2383323
2383324
2383325
2383327
2383329
2383330
2383333
2383340
2383341
2383342
2383343
2383344
2383345
2383347
2383348
2383352
2383358
2383360
2383362
2383363
2383366
2383368
2383371
2383376
2383382
2383386
2383390
2383391
2383392
2383393
2383395
2383396
2383398
2383406
2383407
2383409
2383410
2383411
2383413
2383415
2383425
2383428
2383429
2383431
2383432
2383435
2383439
2383441
2383442
2383443
2383444
2383447
2383449
2383451
2383452
2383453
2383457
2383459
2383464
2383465
2383466
2383472
2383475
2383476
2383479
2383482
2383486
2383487
2383488
2383489
2383490
2383493
2383495
2383496
2383497
2383502
2383503
2383504
2383505
2383506
2383510
2383512
2383513
2383514
2383515
2383517
2383518
2383519
2383520
2383528
2383533
2383538
2383540
2383541
2383544
2383545
2383547
2383550
2383551
2383553
2383556
2383557
2383558
2383563
2383566
2383567
2383574
2383576
2383585
2383586
2383587
2383588
2383590
2383591
2383592
2383595
2383597
2383598
2383601
2383604
2383608
2383613
2383615
2383616
2383618
2383628
2383630
2383631
2383634
2383638
2383640
2383641
2383642
2383647
2383649
2383650
2383652
2383653
2383655
2383659
2383660
2383664
2383672
2383676
2383680
2383681
2383689
2383691
2383692
2383695
2383696
2383697
2383699
2383700
2383701
2383703
2383705
2383706
2383709
2383715
2383720
2383721
2383725
2383726
2383728
2383730
2383732
2383737
2383739
2383741
2383747
2383749
2383750
2383753
2383754
2383756
2383757
2383758
2383759
2383760
2383765
2383766
2383767
2383775
2383776
2383779
2383782
2383786
2383788
2383790
2383794
2383798
2383799
2383802
2383803
2383806
2383808
2383810
2383811
2383816
2383822
2383823
2383828
2383830
2383831
2383837
2383843
2383846
2383849
2383850
2383851
2383852
2383856
2383860
2383862
2383863
2383864
2383865
2383866
2383867
2383868
2383872
2383873
2383874
2383878
2383888
2383890
2383892
2383895
2383897
2383901
2383902
2383906
2383908
2383909
2383910
2383912
2383916
2383919
2383924
2383925
2383927
2383930
2383931
2383934
2383937
2383938
2383942
2383943
2383956
2383957
2383959
2383961
2383962
2383964
2383966
2383967
2383968
2383971
2383974
2383977
2383984
2383985
2383986
2383988
2383989
2383991
2383992
2383993
2383995
2383998
2383999
2384000
2384001
2384002
2384003
2384007
2384010
2384011
2384013
2384016
2384017
2384019
2384020
2384023
2384027
2384030
2384032
2384033
2384035
2384037
2384043
2384045
2384048
2384050
2384051
2384052
2384053
2384054
2384056
2384057
2384058
2384059
2384060
2384063
2384065
2384069
2384070
2384072
2384076
2384078
2384079
2384085
2384086
2384087
2384088
2384090
2384094
2384096
2384098
2384101
2384106
2384107
2384108
2384110
2384112
2384113
2384114
2384115
2384118
2384119
2384125
2384128
2384129
2384131
2384136
2384138
2384139
2384140
2384148
2384152
2384155
2384161
2384162
2384164
2384165
2384167
2384169
2384170
2384171
2384173
2384174
2384176
2384178
2384186
2384190
2384191
2384195
2384197
2384198
2384202
2384204
2384210
2384211
2384215
2384217
2384218
2384219
2384226
2384227
2384233
2384237
2384238
2384239
2384241
2384242
2384246
2384249
2384250
2384255
2384256
2384258
2384259
2384260
2384261
2384263
2384264
2384265
2384269
2384270
2384271
2384272
2384275
2384279
2384281
2384282
2384284
2384289
2384293
2384295
2384296
2384298
2384301
2384302
2384305
2384306
2384310
2384311
2384312
2384313
2384321
2384326
2384336
2384337
2384338
2384341
2384342
2384343
2384346
2384347
2384354
2384355
2384357
2384358
2384359
2384362
2384364
2384367
2384368
2384371
2384372
2384373
2384377
2384378
2384385
2384389
2384390
2384391
2384394
2384395
2384396
2384398
2384399
2384400
2384406
2384407
2384408
2384410
2384411
2384414
2384416
2384417
2384419
2384423
2384426
2384432
2384433
2384435
2384437
2384440
2384443
2384446
2384448
2384451
2384456
2384464
2384465
2384467
2384468
2384469
2384473
2384477
2384478
2384480
2384481
2384482
2384484
2384485
2384489
2384495
2384502
2384507
2384509
2384510
2384512
2384514
2384517
2384519
2384524
2384528
2384529
2384531
2384533
2384534
2384535
2384536
2384538
2384539
2384541
2384544
2384550
2384551
2384555
2384561
2384564
2384565
2384566
2384568
2384571
2384572
2384574
2384575
2384576
2384577
2384580
2384584
2384585
2384590
2384591
2384598
2384599
2384601
2384603
2384606
2384607
2384614
2384615
2384616
2384621
2384622
2384628
2384630
2384631
2384632
2384636
2384637
2384641
2384642
2384644
2384650
2384653
2384654
2384655
2384658
2384661
2384666
2384673
2384679
2384683
2384686
2384692
2384694
2384695
2384696
2384698
2384699
2384701
2384705
2384714
2384717
2384722
2384723
2384725
2384728
2384732
2384737
2384742
2384743
2384748
2384750
2384754
2384755
2384757
2384758
2384764
2384767
2384769
2384771
2384773
2384774
2384777
2384779
2384780
2384781
2384782
2384785
2384789
2384790
2384792
2384798
2384800
2384801
2384806
2384808
2384809
2384816
2384817
2384818
2384820
2384822
2384823
2384826
2384829
2384831
2384837
2384840
2384852
2384858
2384863
2384867
2384870
2384874
2384875
2384877
2384878
2384888
2384891
2384894
2384897
2384901
2384903
2384906
2384908
2384911
2384915
2384918
2384919
2384922
2384923
2384924
2384925
2384927
2384929
2384930
2384931
2384935
2384942
2384944
2384945
2384951
2384955
2384957
2384959
2384961
2384963
2384964
2384966
2384971
2384972
2384977
2384979
2384981
2384984
2384985
2384988
2384996
2384998
2384999
2385000
2385006
2385007
2385008
2385013
2385015
2385021
2385023
2385024
2385025
2385028
2385030
2385031
2385032
2385033
2385034
2385035
2385036
2385037
2385040
2385041
2385044
2385045
2385048
2385050
2385054
2385064
2385066
2385067
2385068
2385071
2385073
2385076
2385078
2385079
2385080
2385082
2385086
2385087
2385091
2385093
2385096
2385097
2385100
2385101
2385104
2385105
2385107
2385109
2385110
2385111
2385112
2385114
2385115
2385117
2385119
2385121
2385125
2385127
2385129
2385130
2385131
2385133
2385136
2385138
2385141
2385142
2385144
2385145
2385146
2385149
2385150
2385152
2385153
2385154
2385157
2385162
2385163
2385165
2385168
2385170
2385175
2385176
2385178
2385179
2385181
2385184
2385188
2385193
2385197
2385198
2385199
2385202
2385204
2385207
2385213
2385216
2385217
2385218
2385219
2385225
2385228
2385229
2385231
2385235
2385236
2385240
2385241
2385242
2385243
2385244
2385248
2385250
2385254
2385256
2385257
2385260
2385261
2385265
2385267
2385268
2385271
2385274
2385279
2385280
2385282
2385284
2385285
2385287
2385289
2385290
2385291
2385295
2385296
2385298
2385300
2385301
2385302
2385304
2385305
2385306
2385311
2385312
2385317
2385321
2385322
2385323
2385324
2385325
2385326
2385329
2385331
2385333
2385334
2385340
2385344
2385345
2385346
2385347
2385348
2385350
2385357
2385358
2385359
2385360
2385361
2385362
2385365
2385367
2385368
2385370
2385374
2385382
2385384
2385386
2385389
2385390
2385394
2385396
2385399
2385403
2385404
2385405
2385409
2385410
2385413
2385418
2385420
2385421
2385422
2385426
2385428
2385429
2385432
2385435
2385436
2385437
2385440
2385444
2385445
2385447
2385449
2385450
2385452
2385454
2385456
2385463
2385468
2385474
2385475
2385478
2385481
2385482
2385485
2385492
2385493
2385494
2385496
2385498
2385500
2385503
2385504
2385506
2385507
2385508
2385509
2385512
2385513
2385516
2385517
2385518
2385519
2385521
2385529
2385530
2385533
2385535
2385536
2385537
2385540
2385541
2385545
2385548
2385550
2385552
2385556
2385558
2385559
2385560
2385561
2385562
2385566
2385567
2385569
2385576
2385579
2385584
2385587
2385589
2385590
2385593
2385598
2385611
2385616
2385619
2385628
2385630
2385641
2385642
2385643
2385646
2385647
2385648
2385654
2385657
2385659
2385660
2385661
2385671
2385672
2385673
2385676
2385679
2385681
2385684
2385686
2385689
2385698
2385699
2385705
2385709
2385710
2385711
2385712
2385713
2385718
2385719
2385721
2385722
2385725
2385727
2385728
2385737
2385740
2385742
2385746
2385747
2385749
2385750
2385752
2385755
2385758
2385764
2385767
2385770
2385771
2385772
2385776
2385787
2385788
2385789
2385797
2385799
2385803
2385805
2385806
2385808
2385809
2385812
2385813
2385816
2385817
2385818
2385821
2385822
2385828
2385832
2385833
2385835
2385837
2385839
2385840
2385842
2385846
2385847
2385850
2385853
2385856
2385857
2385859
2385860
2385861
2385862
2385865
2385867
2385872
2385874
2385877
2385879
2385881
2385888
2385892
2385893
2385898
2385899
2385900
2385902
2385905
2385907
2385911
2385912
2385913
2385915
2385917
2385920
2385923
2385930
2385931
2385936
2385938
2385942
2385945
2385948
2385950
2385954
2385955
2385957
2385958
2385959
2385961
2385962
2385963
2385965
2385967
2385971
2385972
2385974
2385975
2385976
2385978
2385980
2385983
2385984
2385988
2385991
2385992
2385995
2385998
2386000
2386010
2386013
2386016
2386018
2386020
2386023
2386031
2386033
2386035
2386036
2386037
2386038
2386040
2386046
2386049
2386051
2386052
2386053
2386060
2386061
2386065
2386072
2386075
2386077
2386078
2386080
2386086
2386088
2386089
2386092
2386093
2386095
2386099
2386105
2386106
2386107
2386108
2386109
2386111
2386122
2386123
2386124
2386126
2386127
2386128
2386129
2386131
2386132
2386136
2386141
2386142
2386143
2386146
2386158
2386160
2386161
2386164
2386165
2386167
2386169
2386173
2386174
2386175
2386179
2386183
2386187
2386190
2386194
2386196
2386197
2386199
2386201
2386202
2386203
2386204
2386205
2386208
2386215
2386222
2386223
2386225
2386226
2386236
2386237
2386238
2386242
2386243
2386244
2386245
2386246
2386253
2386258
2386261
2386263
2386268
2386274
2386277
2386281
2386282
2386288
2386290
2386296
2386300
2386302
2386303
2386305
2386308
2386311
2386312
2386317
2386318
2386319
2386320
2386323
2386326
2386327
2386335
2386337
2386338
2386340
2386341
2386342
2386347
2386350
2386351
2386358
2386360
2386364
2386365
2386368
2386370
2386371
2386372
2386375
2386378
2386383
2386385
2386389
2386390
2386391
2386392
2386393
2386394
2386396
2386399
2386400
2386402
2386404
2386405
2386406
2386407
2386409
2386410
2386412
2386416
2386417
2386419
2386420
2386425
2386436
2386437
2386441
2386442
2386443
2386446
2386447
2386452
2386453
2386456
2386464
2386468
2386469
2386471
2386477
2386479
2386481
2386487
2386489
2386492
2386493
2386494
2386496
2386497
2386498
2386499
2386501
2386504
2386506
2386507
2386508
2386510
2386516
2386518
2386522
2386526
2386527
2386529
2386531
2386536
2386538
2386539
2386540
2386545
2386547
2386551
2386555
2386556
2386557
2386559
2386567
2386568
2386574
2386583
2386587
2386589
2386591
2386592
2386593
2386594
2386596
2386597
2386598
2386600
2386601
2386602
2386604
2386605
2386606
2386607
2386611
2386613
2386614
2386620
2386623
2386624
2386625
2386626
2386628
2386634
2386636
2386641
2386643
2386645
2386652
2386654
2386655
2386659
2386663
2386664
2386665
2386669
2386670
2386678
2386679
2386684
2386686
2386688
2386689
2386690
2386692
2386696
2386697
2386699
2386702
2386705
2386706
2386709
2386711
2386713
2386718
2386719
2386720
2386724
2386729
2386731
2386734
2386737
2386738
2386741
2386742
2386743
2386745
2386747
2386748
2386750
2386753
2386754
2386757
2386762
2386765
2386767
2386768
2386770
2386771
2386775
2386777
2386779
2386781
2386782
2386783
2386784
2386789
2386794
2386796
2386802
2386803
2386806
2386807
2386808
2386811
2386815
2386818
2386819
2386821
2386823
2386826
2386827
2386828
2386833
2386834
2386835
2386836
2386837
2386839
2386841
2386844
2386846
2386848
2386850
2386851
2386854
2386855
2386858
2386866
2386869
2386871
2386875
2386877
2386878
2386883
2386884
2386887
2386888
2386889
2386891
2386896
2386900
2386901
2386911
2386912
2386913
2386915
2386916
2386919
2386924
2386928
2386931
2386933
2386937
2386938
2386941
2386944
2386946
2386947
2386948
2386953
2386954
2386955
2386960
2386961
2386964
2386965
2386966
2386968
2386974
2386976
2386978
2386981
2386984
2386986
2386990
2386991
2386992
2386997
2387002
2387006
2387010
2387012
2387013
2387019
2387022
2387024
2387026
2387028
2387033
2387035
2387039
2387041
2387056
2387057
2387066
2387067
2387069
2387072
2387073
2387075
2387077
2387078
2387083
2387084
2387085
2387091
2387093
2387094
2387095
2387096
2387103
2387104
2387105
2387108
2387110
2387116
2387120
2387121
2387122
2387123
2387126
2387129
2387132
2387133
2387135
2387136
2387139
2387140
2387141
2387143
2387147
2387151
2387154
2387156
2387160
2387163
2387164
2387166
2387170
2387175
2387181
2387182
2387187
2387190
2387191
2387193
2387195
2387198
2387199
2387200
2387209
2387210
2387217
2387218
2387219
2387220
2387222
2387224
2387225
2387226
2387231
2387232
2387234
2387235
2387238
2387239
2387242
2387246
2387248
2387249
2387252
2387254
2387255
2387259
2387260
2387262
2387263
2387265
2387267
2387268
2387279
2387284
2387289
2387291
2387292
2387293
2387296
2387298
2387299
2387301
2387304
2387305
2387308
2387309
2387310
2387312
2387313
2387317
2387321
2387327
2387331
2387334
2387336
2387340
2387341
2387342
2387343
2387345
2387346
2387347
2387348
2387350
2387352
2387357
2387360
2387364
2387366
2387367
2387368
2387369
2387371
2387372
2387376
2387379
2387384
2387385
2387386
2387388
2387389
2387391
2387393
2387394
2387398
2387402
2387405
2387407
2387409
2387411
2387417
2387419
2387420
2387423
2387424
2387425
2387426
2387427
2387429
2387431
2387434
2387441
2387445
2387447
2387448
2387449
2387453
2387456
2387457
2387461
2387463
2387471
2387472
2387474
2387475
2387478
2387479
2387480
2387481
2387482
2387489
2387493
2387495
2387496
2387501
2387502
2387507
2387510
2387513
2387518
2387519
2387523
2387536
2387539
2387541
2387543
2387549
2387554
2387556
2387557
2387565
2387569
2387572
2387573
2387582
2387583
2387586
2387587
2387590
2387599
2387601
2387602
2387603
2387605
2387607
2387610
2387614
2387620
2387623
2387627
2387629
2387630
2387635
2387643
2387646
2387648
2387650
2387653
2387654
2387656
2387657
2387659
2387660
2387661
2387666
2387667
2387668
2387669
2387672
2387674
2387675
2387679
2387684
2387688
2387689
2387690
2387691
2387695
2387700
2387701
2387706
2387710
2387713
2387717
2387719
2387721
2387722
2387728
2387735
2387738
2387739
2387741
2387742
2387743
2387745
2387747
2387748
2387750
2387751
2387753
2387754
2387756
2387758
2387759
2387760
2387761
2387762
2387764
2387765
2387769
2387770
2387771
2387774
2387779
2387780
2387782
2387783
2387785
2387790
2387793
2387794
2387798
2387800
2387803
2387804
2387806
2387810
2387812
2387820
2387823
2387825
2387830
2387831
2387832
2387835
2387837
2387841
2387845
2387847
2387851
2387856
2387857
2387859
2387861
2387870
2387874
2387875
2387882
2387883
2387884
2387885
2387887
2387888
2387889
2387890
2387893
2387894
2387900
2387903
2387905
2387906
2387908
2387916
2387918
2387921
2387924
2387925
2387926
2387927
2387930
2387931
2387932
2387934
2387935
2387936
2387937
2387941
2387943
2387944
2387950
2387952
2387957
2387959
2387960
2387961
2387962
2387964
2387965
2387967
2387975
2387976
2387980
2387983
2387986
2387987
2387988
2387989
2387996
2387998
2388007
2388011
2388019
2388020
2388022
2388033
2388036
2388040
2388042
2388046
2388050
2388055
2388056
2388058
2388067
2388068
2388069
2388073
2388082
2388087
2388090
2388096
2388099
2388102
2388103
2388104
2388105
2388106
2388107
2388108
2388109
2388113
2388115
2388117
2388120
2388122
2388123
2388124
2388128
2388134
2388137
2388142
2388143
2388144
2388146
2388147
2388148
2388152
2388157
2388163
2388169
2388170
2388171
2388176
2388185
2388188
2388190
2388191
2388194
2388195
2388198
2388199
2388200
2388205
2388207
2388209
2388210
2388214
2388222
2388225
2388226
2388227
2388228
2388233
2388234
2388240
2388247
2388249
2388250
2388252
2388255
2388256
2388257
2388258
2388271
2388273
2388275
2388276
2388278
2388280
2388281
2388282
2388288
2388289
2388292
2388293
2388300
2388304
2388315
2388319
2388323
2388326
2388327
2388329
2388331
2388335
2388338
2388343
2388347
2388348
2388349
2388351
2388353
2388354
2388355
2388356
2388359
2388361
2388364
2388369
2388371
2388373
2388374
2388379
2388380
2388383
2388384
2388385
2388386
2388392
2388393
2388395
2388397
2388400
2388404
2388415
2388416
2388420
2388422
2388423
2388424
2388430
2388436
2388438
2388440
2388441
2388442
2388444
2388446
2388448
2388449
2388450
2388451
2388453
2388455
2388456
2388466
2388468
2388471
2388472
2388476
2388477
2388484
2388485
2388486
2388487
2388494
2388495
2388500
2388502
2388504
2388507
2388510
2388512
2388514
2388516
2388519
2388522
2388523
2388526
2388528
2388529
2388532
2388533
2388541
2388542
2388548
2388550
2388551
2388552
2388553
2388554
2388555
2388557
2388558
2388560
2388564
2388566
2388567
2388575
2388576
2388577
2388580
2388583
2388586
2388587
2388588
2388589
2388590
2388596
2388598
2388601
2388604
2388605
2388606
2388607
2388608
2388610
2388611
2388612
2388618
2388623
2388627
2388629
2388632
2388638
2388640
2388645
2388649
2388651
2388654
2388657
2388662
2388665
2388666
2388667
2388668
2388670
2388673
2388675
2388676
2388677
2388678
2388679
2388682
2388687
2388689
2388690
2388694
2388697
2388706
2388711
2388712
2388714
2388716
2388719
2388720
2388721
2388724
2388725
2388726
2388727
2388728
2388730
2388734
2388736
2388745
2388749
2388751
2388752
2388753
2388759
2388760
2388761
2388764
2388765
2388766
2388767
2388771
2388774
2388778
2388779
2388787
2388788
2388793
2388794
2388797
2388798
2388800
2388805
2388811
2388812
2388814
2388821
2388822
2388826
2388827
2388828
2388830
2388832
2388837
2388840
2388841
2388846
2388847
2388853
2388856
2388857
2388860
2388865
2388866
2388870
2388872
2388873
2388874
2388875
2388876
2388877
2388879
2388883
2388885
2388886
2388888
2388889
2388890
2388891
2388892
2388899
2388900
2388906
2388908
2388910
2388911
2388916
2388922
2388926
2388927
2388928
2388931
2388933
2388934
2388935
2388939
2388941
2388950
2388951
2388961
2388962
2388964
2388967
2388968
2388974
2388978
2388983
2388987
2388991
2388992
2388995
2388996
2389000
2389005
2389009
2389013
2389015
2389016
2389020
2389021
2389022
2389030
2389035
2389036
2389039
2389040
2389042
2389043
2389044
2389049
2389051
2389052
2389054
2389056
2389060
2389061
2389064
2389065
2389066
2389069
2389070
2389075
2389076
2389077
2389078
2389080
2389083
2389094
2389095
2389097
2389099
2389100
2389102
2389109
2389111
2389113
2389114
2389118
2389119
2389125
2389126
2389128
2389130
2389132
2389133
2389134
2389136
2389137
2389138
2389142
2389145
2389146
2389149
2389150
2389151
2389157
2389159
2389160
2389164
2389173
2389174
2389179
2389180
2389182
2389184
2389190
2389191
2389194
2389197
2389200
2389201
2389202
2389207
2389209
2389211
2389213
2389214
2389220
2389225
2389227
2389230
2389234
2389235
2389244
2389246
2389250
2389255
2389256
2389257
2389261
2389265
2389267
2389269
2389270
2389271
2389274
2389280
2389281
2389283
2389284
2389287
2389288
2389291
2389292
2389293
2389294
2389299
2389301
2389310
2389314
2389317
2389318
2389320
2389321
2389324
2389325
2389326
2389331
2389332
2389337
2389338
2389339
2389345
2389347
2389348
2389355
2389356
2389358
2389361
2389365
2389366
2389368
2389371
2389374
2389375
2389379
2389382
2389384
2389385
2389387
2389392
2389393
2389394
2389397
2389398
2389399
2389400
2389401
2389402
2389403
2389404
2389406
2389411
2389412
2389413
2389414
2389420
2389422
2389423
2389436
2389437
2389438
2389441
2389443
2389446
2389451
2389453
2389458
2389461
2389464
2389468
2389470
2389472
2389475
2389477
2389478
2389480
2389483
2389484
2389489
2389491
2389493
2389497
2389498
2389499
2389500
2389501
2389502
2389507
2389510
2389511
2389516
2389517
2389525
2389529
2389531
2389532
2389534
2389537
2389540
2389541
2389543
2389545
2389548
2389549
2389551
2389553
2389557
2389559
2389560
2389561
2389562
2389563
2389564
2389566
2389568
2389571
2389578
2389579
2389581
2389582
2389585
2389587
2389588
2389589
2389600
2389607
2389609
2389611
2389614
2389615
2389616
2389621
2389624
2389625
2389628
2389629
2389630
2389631
2389632
2389635
2389636
2389637
2389640
2389641
2389642
2389647
2389650
2389651
2389655
2389657
2389658
2389659
2389661
2389662
2389664
2389668
2389669
2389671
2389673
2389675
2389676
2389677
2389678
2389681
2389685
2389689
2389690
2389692
2389695
2389701
2389702
2389712
2389717
2389718
2389722
2389726
2389728
2389733
2389735
2389740
2389742
2389745
2389747
2389748
2389750
2389751
2389754
2389758
2389759
2389761
2389766
2389769
2389771
2389772
2389773
2389776
2389777
2389779
2389780
2389782
2389784
2389789
2389791
2389795
2389797
2389798
2389800
2389802
2389806
2389807
2389808
2389811
2389822
2389823
2389831
2389833
2389835
2389836
2389841
2389844
2389848
2389853
2389856
2389858
2389859
2389860
2389863
2389866
2389867
2389870
2389876
2389878
2389880
2389881
2389882
2389884
2389887
2389891
2389892
2389893
2389895
2389896
2389897
2389899
2389900
2389902
2389904
2389905
2389907
2389908
2389910
2389912
2389914
2389916
2389918
2389919
2389922
2389924
2389928
2389929
2389932
2389933
2389935
2389936
2389937
2389939
2389941
2389945
2389947
2389949
2389950
2389951
2389954
2389962
2389963
2389964
2389966
2389967
2389969
2389976
2389977
2389980
2389988
2389990
2389995
2389998
2389999
2390003
2390004
2390006
2390008
2390013
2390015
2390016
2390017
2390024
2390025
2390026
2390029
2390030
2390032
2390033
2390035
2390036
2390037
2390040
2390041
2390042
2390050
2390051
2390053
2390054
2390056
2390057
2390059
2390060
2390061
2390062
2390066
2390074
2390076
2390078
2390082
2390084
2390085
2390089
2390090
2390094
2390097
2390099
2390101
2390105
2390106
2390110
2390111
2390115
2390119
2390120
2390121
2390124
2390129
2390130
2390132
2390134
2390136
2390137
2390139
2390141
2390142
2390143
2390148
2390151
2390156
2390158
2390160
2390161
2390165
2390167
2390172
2390173
2390175
2390176
2390179
2390182
2390183
2390187
2390188
2390196
2390206
2390207
2390208
2390214
2390215
2390216
2390218
2390219
2390224
2390225
2390226
2390227
2390236
2390237
2390240
2390242
2390245
2390249
2390254
2390256
2390259
2390264
2390265
2390266
2390267
2390268
2390270
2390274
2390278
2390279
2390280
2390281
2390283
2390284
2390285
2390287
2390288
2390290
2390291
2390305
2390306
2390309
2390311
2390313
2390318
2390320
2390323
2390324
2390331
2390333
2390334
2390335
2390336
2390338
2390341
2390343
2390345
2390348
2390349
2390350
2390352
2390354
2390359
2390363
2390367
2390369
2390376
2390378
2390382
2390383
2390384
2390386
2390389
2390390
2390392
2390397
2390404
2390406
2390410
2390412
2390413
2390414
2390418
2390421
2390422
2390424
2390425
2390426
2390429
2390434
2390435
2390441
2390446
2390454
2390457
2390460
2390468
2390472
2390474
2390475
2390476
2390480
2390481
2390490
2390493
2390495
2390501
2390503
2390505
2390507
2390510
2390513
2390517
2390520
2390522
2390523
2390524
2390528
2390529
2390530
2390531
2390537
2390539
2390543
2390545
2390548
2390549
2390551
2390553
2390555
2390558
2390559
2390569
2390570
2390573
2390576
2390577
2390578
2390579
2390580
2390581
2390582
2390586
2390592
2390593
2390594
2390598
2390603
2390606
2390607
2390610
2390611
2390619
2390624
2390625
2390626
2390630
2390633
2390636
2390640
2390641
2390646
2390647
2390650
2390653
2390661
2390668
2390672
2390675
2390676
2390679
2390680
2390682
2390683
2390687
2390688
2390693
2390694
2390695
2390701
2390702
2390703
2390705
2390706
2390710
2390712
2390717
2390721
2390722
2390727
2390729
2390731
2390733
2390737
2390738
2390739
2390741
2390744
2390747
2390748
2390749
2390759
2390762
2390765
2390766
2390768
2390773
2390774
2390776
2390778
2390781
2390782
2390789
2390790
2390794
2390795
2390797
2390798
2390803
2390804
2390806
2390808
2390812
2390813
2390814
2390820
2390826
2390829
2390844
2390846
2390847
2390853
2390858
2390860
2390861
2390863
2390865
2390867
2390869
2390874
2390877
2390879
2390880
2390882
2390886
2390887
2390888
2390889
2390890
2390893
2390895
2390899
2390900
2390901
2390902
2390904
2390905
2390907
2390916
2390919
2390921
2390923
2390925
2390928
2390929
2390934
2390935
2390936
2390941
2390943
2390947
2390954
2390960
2390962
2390964
2390965
2390966
2390968
2390970
2390971
2390978
2390979
2390980
2390982
2390984
2390986
2390988
2390990
2390994
2390995
2391010
2391011
2391015
2391018
2391023
2391024
2391025
2391026
2391029
2391030
2391031
2391032
2391033
2391034
2391035
2391036
2391037
2391038
2391042
2391044
2391047
2391049
2391051
2391056
2391058
2391061
2391067
2391068
2391069
2391070
2391076
2391077
2391078
2391080
2391082
2391085
2391086
2391087
2391088
2391089
2391091
2391092
2391093
2391095
2391096
2391098
2391099
2391100
2391101
2391103
2391104
2391105
2391107
2391108
2391110
2391111
2391113
2391116
2391118
2391120
2391122
2391127
2391131
2391133
2391135
2391139
2391143
2391146
2391147
2391150
2391151
2391155
2391157
2391158
2391159
2391162
2391163
2391164
2391165
2391167
2391170
2391172
2391173
2391175
2391179
2391182
2391187
2391188
2391191
2391193
2391195
2391196
2391199
2391201
2391202
2391203
2391204
2391206
2391208
2391209
2391213
2391215
2391219
2391221
2391223
2391225
2391227
2391232
2391238
2391241
2391245
2391250
2391251
2391257
2391266
2391267
2391268
2391271
2391272
2391274
2391276
2391278
2391281
2391282
2391290
2391294
2391300
2391302
2391304
2391308
2391312
2391313
2391315
2391316
2391318
2391325
2391330
2391333
2391337
2391340
2391341
2391342
2391343
2391349
2391350
2391356
2391359
2391360
2391361
2391363
2391365
2391368
2391369
2391371
2391373
2391374
2391376
2391378
2391379
2391382
2391384
2391386
2391388
2391389
2391393
2391397
2391400
2391401
2391402
2391403
2391405
2391406
2391407
2391408
2391413
2391415
2391416
2391418
2391419
2391421
2391422
2391427
2391430
2391431
2391433
2391434
2391435
2391436
2391438
2391440
2391443
2391446
2391449
2391450
2391451
2391453
2391454
2391455
2391461
2391463
2391464
2391466
2391469
2391474
2391475
2391480
2391481
2391482
2391483
2391486
2391487
2391489
2391491
2391492
2391493
2391496
2391498
2391499
2391500
2391502
2391507
2391513
2391514
2391515
2391518
2391521
2391523
2391524
2391528
2391529
2391530
2391532
2391534
2391535
2391536
2391537
2391538
2391540
2391542
2391544
2391546
2391548
2391549
2391553
2391558
2391559
2391563
2391565
2391566
2391567
2391576
2391577
2391578
2391580
2391581
2391583
2391587
2391588
2391589
2391591
2391592
2391593
2391599
2391601
2391602
2391604
2391611
2391612
2391620
2391623
2391627
2391628
2391630
2391631
2391633
2391634
2391636
2391637
2391639
2391642
2391643
2391644
2391648
2391649
2391650
2391654
2391655
2391656
2391658
2391663
2391665
2391666
2391667
2391671
2391673
2391674
2391677
2391679
2391685
2391686
2391687
2391689
2391690
2391695
2391699
2391700
2391701
2391702
2391707
2391708
2391709
2391715
2391716
2391718
2391719
2391721
2391722
2391725
2391728
2391729
2391731
2391733
2391737
2391740
2391743
2391746
2391751
2391757
2391758
2391759
2391760
2391761
2391762
2391765
2391767
2391769
2391775
2391777
2391778
2391783
2391784
2391785
2391786
2391788
2391791
2391792
2391794
2391796
2391797
2391801
2391802
2391804
2391808
2391809
2391813
2391815
2391818
2391821
2391822
2391824
2391826
2391828
2391829
2391832
2391838
2391842
2391843
2391848
2391849
2391851
2391859
2391860
2391861
2391863
2391864
2391865
2391866
2391867
2391872
2391873
2391877
2391878
2391883
2391886
2391887
2391889
2391890
2391891
2391893
2391894
2391900
2391901
2391905
2391906
2391907
2391908
2391921
2391926
2391927
2391929
2391939
2391945
2391946
2391947
2391955
2391956
2391958
2391960
2391961
2391964
2391966
2391970
2391973
2391974
2391975
2391976
2391977
2391978
2391979
2391984
2391987
2391991
2391992
2391993
2391995
2391996
2391997
2391998
2391999
2392000
2392002
2392004
2392007
2392009
2392011
2392015
2392018
2392033
2392040
2392044
2392048
2392050
2392052
2392054
2392055
2392061
2392062
2392068
2392070
2392072
2392075
2392078
2392082
2392083
2392087
2392094
2392097
2392098
2392099
2392101
2392104
2392107
2392108
2392111
2392112
2392113
2392116
2392118
2392120
2392123
2392128
2392129
2392130
2392134
2392135
2392137
2392140
2392144
2392145
2392147
2392148
2392149
2392150
2392152
2392154
2392157
2392159
2392165
2392166
2392170
2392171
2392173
2392175
2392176
2392183
2392184
2392186
2392188
2392190
2392191
2392194
2392198
2392199
2392203
2392204
2392205
2392213
2392214
2392216
2392217
2392218
2392219
2392221
2392223
2392224
2392225
2392226
2392228
2392229
2392231
2392233
2392234
2392236
2392238
2392243
2392245
2392252
2392255
2392257
2392261
2392265
2392266
2392269
2392271
2392276
2392282
2392286
2392288
2392290
2392293
2392294
2392298
2392299
2392300
2392301
2392302
2392303
2392306
2392312
2392315
2392317
2392319
2392320
2392324
2392326
2392327
2392328
2392329
2392330
2392332
2392334
2392337
2392338
2392340
2392341
2392343
2392345
2392346
2392349
2392351
2392352
2392354
2392357
2392360
2392362
2392363
2392364
2392366
2392367
2392368
2392369
2392370
2392371
2392372
2392374
2392376
2392380
2392386
2392387
2392388
2392389
2392390
2392393
2392398
2392399
2392403
2392404
2392405
2392409
2392410
2392414
2392415
2392420
2392425
2392426
2392428
2392431
2392433
2392437
2392438
2392442
2392446
2392447
2392450
2392451
2392455
2392458
2392462
2392463
2392464
2392471
2392473
2392474
2392475
2392476
2392477
2392484
2392485
2392486
2392487
2392489
2392492
2392493
2392499
2392500
2392501
2392505
2392507
2392510
2392513
2392515
2392516
2392521
2392528
2392530
2392531
2392532
2392536
2392537
2392544
2392546
2392549
2392551
2392554
2392555
2392556
2392558
2392559
2392561
2392570
2392572
2392573
2392574
2392578
2392579
2392581
2392583
2392586
2392587
2392588
2392590
2392592
2392595
2392599
2392601
2392603
2392605
2392608
2392612
2392613
2392614
2392616
2392625
2392626
2392627
2392628
2392630
2392632
2392633
2392636
2392637
2392638
2392639
2392640
2392642
2392643
2392644
2392647
2392649
2392652
2392659
2392660
2392666
2392667
2392670
2392671
2392676
2392680
2392682
2392684
2392686
2392688
2392691
2392700
2392701
2392702
2392704
2392706
2392707
2392716
2392717
2392718
2392725
2392727
2392731
2392732
2392734
2392735
2392738
2392740
2392746
2392748
2392752
2392753
2392754
2392755
2392757
2392758
2392759
2392762
2392764
2392765
2392766
2392769
2392770
2392771
2392776
2392778
2392779
2392782
2392788
2392790
2392791
2392798
2392803
2392805
2392806
2392807
2392809
2392810
2392812
2392813
2392815
2392816
2392817
2392828
2392831
2392832
2392837
2392839
2392842
2392846
2392849
2392850
2392851
2392853
2392855
2392857
2392863
2392869
2392872
2392874
2392875
2392876
2392877
2392879
2392881
2392883
2392884
2392885
2392886
2392892
2392893
2392894
2392900
2392901
2392904
2392905
2392907
2392909
2392912
2392914
2392915
2392922
2392924
2392925
2392930
2392933
2392936
2392937
2392945
2392950
2392951
2392955
2392957
2392959
2392962
2392971
2392972
2392973
2392974
2392976
2392977
2392979
2392980
2392981
2392985
2392989
2392990
2392992
2392993
2392995
2393000
2393001
2393003
2393004
2393006
2393007
2393009
2393011
2393012
2393014
2393017
2393018
2393020
2393021
2393022
2393023
2393026
2393029
2393030
2393036
2393039
2393040
2393047
2393049
2393050
2393052
2393054
2393058
2393060
2393068
2393072
2393075
2393078
2393080
2393081
2393082
2393085
2393086
2393087
2393100
2393101
2393103
2393105
2393107
2393110
2393111
2393113
2393116
2393123
2393124
2393127
2393132
2393133
2393134
2393138
2393139
2393141
2393144
2393147
2393148
2393149
2393151
2393153
2393155
2393157
2393160
2393163
2393165
2393168
2393174
2393176
2393178
2393179
2393182
2393183
2393185
2393187
2393188
2393190
2393191
2393192
2393198
2393203
2393204
2393205
2393207
2393208
2393210
2393211
2393216
2393217
2393218
2393220
2393223
2393224
2393227
2393228
2393229
2393230
2393231
2393233
2393235
2393236
2393237
2393238
2393239
2393241
2393243
2393245
2393246
2393248
2393249
2393250
2393251
2393254
2393255
2393256
2393260
2393266
2393267
2393268
2393269
2393273
2393274
2393279
2393281
2393290
2393295
2393296
2393297
2393302
2393303
2393304
2393308
2393310
2393311
2393317
2393321
2393322
2393325
2393327
2393335
2393338
2393340
2393341
2393342
2393344
2393345
2393347
2393348
2393350
2393352
2393354
2393355
2393361
2393363
2393370
2393372
2393374
2393377
2393378
2393379
2393380
2393381
2393383
2393386
2393387
2393390
2393391
2393398
2393399
2393402
2393403
2393404
2393406
2393407
2393408
2393409
2393411
2393415
2393418
2393419
2393422
2393423
2393424
2393428
2393434
2393436
2393437
2393439
2393440
2393442
2393444
2393445
2393446
2393449
2393453
2393455
2393458
2393462
2393464
2393466
2393469
2393470
2393472
2393475
2393477
2393478
2393479
2393480
2393484
2393486
2393487
2393488
2393492
2393496
2393503
2393507
2393508
2393509
2393519
2393521
2393523
2393528
2393530
2393533
2393537
2393538
2393544
2393546
2393547
2393550
2393551
2393554
2393562
2393563
2393564
2393567
2393570
2393576
2393578
2393588
2393589
2393590
2393596
2393601
2393602
2393606
2393609
2393612
2393619
2393624
2393626
2393628
2393634
2393636
2393638
2393639
2393640
2393642
2393646
2393647
2393653
2393658
2393659
2393662
2393666
2393668
2393671
2393672
2393675
2393681
2393683
2393685
2393687
2393688
2393692
2393693
2393694
2393695
2393697
2393701
2393703
2393706
2393709
2393711
2393712
2393721
2393729
2393730
2393731
2393734
2393740
2393743
2393748
2393752
2393754
2393755
2393756
2393757
2393758
2393759
2393760
2393761
2393762
2393765
2393775
2393781
2393783
2393786
2393789
2393795
2393796
2393799
2393800
2393802
2393803
2393804
2393805
2393807
2393809
2393810
2393811
2393814
2393823
2393826
2393830
2393834
2393836
2393838
2393842
2393843
2393845
2393847
2393848
2393849
2393854
2393859
2393860
2393863
2393864
2393865
2393867
2393868
2393869
2393871
2393875
2393880
2393881
2393885
2393889
2393893
2393895
2393896
2393897
2393898
2393899
2393900
2393901
2393903
2393904
2393910
2393912
2393913
2393916
2393917
2393920
2393921
2393924
2393925
2393926
2393927
2393931
2393932
2393934
2393937
2393939
2393947
2393948
2393949
2393950
2393956
2393961
2393962
2393963
2393964
2393965
2393966
2393967
2393972
2393974
2393976
2393978
2393980
2393981
2393983
2393989
2393990
2393992
2393993
2393994
2393997
2393999
2394003
2394007
2394009
2394010
2394011
2394019
2394020
2394021
2394025
2394027
2394030
2394032
2394033
2394036
2394039
2394040
2394041
2394043
2394045
2394046
2394047
2394048
2394052
2394058
2394059
2394070
2394072
2394074
2394089
2394091
2394092
2394095
2394097
2394099
2394104
2394105
2394106
2394108
2394110
2394112
2394113
2394117
2394119
2394120
2394121
2394122
2394125
2394126
2394127
2394130
2394131
2394134
2394136
2394139
2394144
2394145
2394148
2394149
2394153
2394154
2394157
2394159
2394160
2394163
2394166
2394169
2394171
2394172
2394178
2394179
2394182
2394185
2394189
2394193
2394195
2394196
2394199
2394200
2394204
2394207
2394211
2394213
2394216
2394217
2394219
2394221
2394224
2394228
2394229
2394230
2394232
2394236
2394239
2394240
2394241
2394242
2394246
2394247
2394250
2394251
2394253
2394259
2394260
2394263
2394264
2394265
2394267
2394269
2394272
2394274
2394276
2394279
2394281
2394282
2394285
2394289
2394290
2394301
2394303
2394305
2394306
2394309
2394310
2394312
2394319
2394320
2394324
2394326
2394327
2394330
2394331
2394334
2394341
2394343
2394344
2394345
2394347
2394351
2394355
2394360
2394363
2394364
2394369
2394370
2394372
2394374
2394375
2394376
2394377
2394379
2394380
2394383
2394387
2394389
2394390
2394392
2394395
2394396
2394398
2394400
2394403
2394405
2394406
2394407
2394410
2394411
2394412
2394413
2394414
2394416
2394420
2394422
2394425
2394436
2394437
2394442
2394443
2394445
2394446
2394449
2394450
2394454
2394456
2394459
2394466
2394468
2394474
2394475
2394476
2394478
2394480
2394483
2394484
2394485
2394486
2394493
2394494
2394496
2394498
2394499
2394501
2394506
2394507
2394508
2394511
2394512
2394513
2394514
2394516
2394519
2394524
2394529
2394531
2394532
2394533
2394534
2394539
2394542
2394543
2394554
2394555
2394556
2394558
2394563
2394569
2394572
2394573
2394576
2394578
2394581
2394585
2394586
2394587
2394588
2394589
2394590
2394591
2394593
2394596
2394601
2394605
2394609
2394613
2394619
2394630
2394640
2394641
2394646
2394647
2394648
2394651
2394654
2394659
2394660
2394664
2394667
2394672
2394674
2394675
2394680
2394683
2394688
2394692
2394693
2394695
2394696
2394697
2394699
2394700
2394707
2394709
2394710
2394711
2394715
2394716
2394721
2394722
2394727
2394730
2394732
2394734
2394735
2394736
2394738
2394740
2394747
2394751
2394760
2394765
2394766
2394767
2394768
2394770
2394775
2394776
2394778
2394779
2394780
2394782
2394784
2394788
2394791
2394795
2394801
2394802
2394810
2394812
2394815
2394819
2394824
2394825
2394826
2394831
2394832
2394834
2394838
2394846
2394848
2394857
2394858
2394862
2394866
2394867
2394869
2394871
2394873
2394878
2394879
2394881
2394882
2394883
2394884
2394888
2394892
2394894
2394899
2394902
2394905
2394906
2394907
2394910
2394912
2394913
2394914
2394916
2394920
2394922
2394927
2394928
2394931
2394935
2394938
2394939
2394942
2394949
2394950
2394971
2394972
2394974
2394984
2394987
2394990
2394992
2394997
2394999
2395001
2395007
2395008
2395011
2395012
2395013
2395015
2395016
2395017
2395018
2395020
2395021
2395024
2395025
2395026
2395033
2395034
2395039
2395041
2395045
2395050
2395051
2395052
2395053
2395055
2395056
2395060
2395061
2395062
2395068
2395070
2395071
2395072
2395073
2395082
2395086
2395089
2395091
2395092
2395093
2395105
2395106
2395111
2395112
2395114
2395115
2395116
2395120
2395121
2395123
2395125
2395127
2395128
2395129
2395132
2395134
2395141
2395142
2395147
2395150
2395153
2395155
2395157
2395169
2395172
2395174
2395175
2395176
2395178
2395182
2395184
2395188
2395191
2395192
2395195
2395196
2395198
2395203
2395204
2395209
2395215
2395218
2395222
2395224
2395226
2395228
2395236
2395237
2395238
2395243
2395246
2395248
2395249
2395251
2395253
2395257
2395259
2395262
2395263
2395267
2395272
2395277
2395278
2395282
2395283
2395284
2395286
2395287
2395288
2395291
2395292
2395293
2395302
2395304
2395305
2395313
2395314
2395315
2395317
2395319
2395320
2395324
2395327
2395329
2395333
2395340
2395341
2395342
2395345
2395346
2395348
2395350
2395352
2395353
2395355
2395358
2395359
2395360
2395363
2395364
2395371
2395373
2395375
2395376
2395380
2395382
2395384
2395385
2395387
2395389
2395391
2395392
2395393
2395395
2395396
2395400
2395401
2395410
2395413
2395414
2395415
2395418
2395420
2395421
2395422
2395425
2395427
2395433
2395439
2395442
2395443
2395453
2395457
2395458
2395462
2395464
2395465
2395467
2395468
2395475
2395476
2395477
2395478
2395481
2395483
2395484
2395487
2395490
2395492
2395493
2395495
2395496
2395497
2395501
2395503
2395504
2395505
2395509
2395512
2395520
2395525
2395527
2395531
2395533
2395535
2395537
2395538
2395540
2395543
2395544
2395545
2395548
2395549
2395550
2395552
2395556
2395557
2395560
2395561
2395564
2395566
2395568
2395569
2395570
2395575
2395576
2395577
2395578
2395582
2395585
2395592
2395593
2395595
2395597
2395598
2395600
2395602
2395605
2395606
2395609
2395610
2395612
2395615
2395617
2395618
2395622
2395623
2395625
2395626
2395628
2395630
2395636
2395642
2395648
2395659
2395660
2395661
2395665
2395672
2395674
2395675
2395678
2395679
2395683
2395684
2395686
2395688
2395690
2395691
2395692
2395699
2395703
2395709
2395711
2395714
2395717
2395719
2395720
2395722
2395729
2395737
2395747
2395748
2395751
2395752
2395753
2395758
2395761
2395766
2395768
2395770
2395771
2395775
2395777
2395783
2395787
2395790
2395791
2395793
2395797
2395798
2395800
2395801
2395804
2395809
2395810
2395812
2395819
2395821
2395825
2395826
2395830
2395837
2395839
2395842
2395843
2395850
2395854
2395855
2395856
2395858
2395859
2395860
2395864
2395873
2395874
2395875
2395876
2395877
2395883
2395888
2395889
2395891
2395892
2395893
2395894
2395895
2395901
2395904
2395907
2395911
2395913
2395919
2395921
2395923
2395930
2395932
2395933
2395935
2395937
2395940
2395942
2395947
2395948
2395952
2395956
2395957
2395959
2395964
2395973
2395976
2395984
2395987
2395993
2395995
2395997
2396001
2396002
2396005
2396007
2396010
2396014
2396015
2396016
2396019
2396021
2396022
2396024
2396029
2396031
2396032
2396033
2396034
2396038
2396039
2396041
2396044
2396046
2396048
2396053
2396055
2396058
2396059
2396061
2396062
2396066
2396067
2396068
2396070
2396072
2396073
2396077
2396079
2396081
2396083
2396086
2396088
2396089
2396091
2396092
2396093
2396095
2396097
2396098
2396100
2396105
2396109
2396112
2396114
2396116
2396126
2396128
2396129
2396134
2396137
2396139
2396141
2396142
2396144
2396147
2396148
2396152
2396154
2396155
2396157
2396164
2396166
2396168
2396169
2396170
2396171
2396173
2396174
2396175
2396176
2396183
2396184
2396185
2396188
2396191
2396192
2396193
2396194
2396198
2396199
2396203
2396205
2396209
2396212
2396214
2396215
2396217
2396220
2396223
2396224
2396225
2396226
2396228
2396231
2396232
2396233
2396234
2396237
2396238
2396240
2396245
2396247
2396253
2396255
2396261
2396263
2396266
2396267
2396273
2396275
2396279
2396281
2396285
2396290
2396297
2396298
2396299
2396301
2396308
2396312
2396314
2396316
2396318
2396319
2396320
2396321
2396324
2396326
2396339
2396343
2396349
2396351
2396352
2396353
2396354
2396356
2396357
2396358
2396361
2396363
2396366
2396375
2396376
2396377
2396378
2396380
2396382
2396385
2396389
2396390
2396399
2396401
2396402
2396406
2396407
2396413
2396415
2396420
2396424
2396425
2396426
2396429
2396431
2396432
2396434
2396435
2396446
2396447
2396449
2396450
2396451
2396452
2396457
2396460
2396461
2396462
2396467
2396469
2396470
2396472
2396475
2396480
2396481
2396487
2396490
2396499
2396500
2396501
2396502
2396503
2396504
2396506
2396511
2396512
2396513
2396514
2396515
2396517
2396518
2396520
2396521
2396523
2396526
2396527
2396528
2396529
2396530
2396532
2396533
2396534
2396535
2396536
2396543
2396546
2396547
2396548
2396549
2396552
2396554
2396557
2396559
2396563
2396565
2396567
2396569
2396570
2396571
2396572
2396576
2396577
2396581
2396583
2396587
2396589
2396592
2396593
2396597
2396601
2396602
2396610
2396611
2396615
2396616
2396617
2396618
2396623
2396627
2396628
2396629
2396632
2396634
2396635
2396636
2396637
2396644
2396645
2396648
2396651
2396654
2396657
2396660
2396667
2396673
2396674
2396675
2396680
2396682
2396687
2396688
2396690
2396693
2396695
2396697
2396698
2396701
2396704
2396706
2396707
2396709
2396711
2396712
2396713
2396725
2396726
2396729
2396730
2396733
2396734
2396736
2396738
2396739
2396742
2396743
2396744
2396746
2396749
2396750
2396751
2396754
2396755
2396756
2396760
2396765
2396766
2396780
2396781
2396783
2396788
2396789
2396791
2396798
2396802
2396803
2396804
2396806
2396808
2396810
2396811
2396812
2396814
2396815
2396816
2396817
2396818
2396823
2396824
2396827
2396837
2396838
2396843
2396847
2396855
2396858
2396859
2396860
2396861
2396862
2396863
2396867
2396868
2396870
2396872
2396873
2396876
2396884
2396889
2396891
2396893
2396895
2396899
2396902
2396910
2396914
2396930
2396933
2396935
2396939
2396942
2396943
2396947
2396951
2396952
2396955
2396956
2396958
2396960
2396962
2396965
2396968
2396969
2396971
2396972
2396974
2396976
2396984
2396986
2396987
2396988
2396990
2396991
2396993
2396995
2396997
2396998
2396999
2397001
2397005
2397006
2397008
2397009
2397012
2397015
2397021
2397022
2397023
2397024
2397026
2397027
2397033
2397041
2397042
2397048
2397049
2397051
2397052
2397055
2397056
2397068
2397071
2397078
2397080
2397082
2397083
2397088
2397090
2397092
2397093
2397097
2397098
2397099
2397101
2397112
2397115
2397117
2397118
2397120
2397124
2397126
2397129
2397130
2397131
2397132
2397134
2397137
2397142
2397145
2397146
2397149
2397151
2397155
2397156
2397157
2397160
2397161
2397162
2397169
2397171
2397172
2397174
2397175
2397185
2397187
2397191
2397192
2397198
2397202
2397203
2397204
2397206
2397207
2397210
2397213
2397216
2397218
2397219
2397221
2397223
2397224
2397225
2397226
2397227
2397228
2397229
2397235
2397236
2397238
2397243
2397244
2397245
2397247
2397250
2397252
2397255
2397256
2397257
2397258
2397260
2397266
2397267
2397269
2397274
2397278
2397279
2397284
2397286
2397288
2397290
2397297
2397299
2397300
2397304
2397306
2397308
2397313
2397314
2397315
2397322
2397323
2397325
2397326
2397328
2397329
2397331
2397332
2397334
2397340
2397341
2397346
2397348
2397351
2397352
2397353
2397354
2397355
2397359
2397362
2397365
2397366
2397371
2397373
2397374
2397375
2397377
2397387
2397388
2397389
2397394
2397395
2397396
2397398
2397401
2397409
2397410
2397415
2397416
2397420
2397422
2397425
2397431
2397432
2397433
2397434
2397435
2397438
2397441
2397448
2397450
2397454
2397457
2397458
2397465
2397469
2397470
2397472
2397477
2397485
2397494
2397497
2397498
2397501
2397508
2397511
2397514
2397516
2397518
2397522
2397523
2397525
2397531
2397533
2397535
2397537
2397538
2397541
2397547
2397549
2397550
2397552
2397556
2397558
2397560
2397565
2397567
2397571
2397573
2397576
2397577
2397578
2397580
2397584
2397589
2397592
2397596
2397598
2397601
2397605
2397606
2397607
2397609
2397611
2397612
2397614
2397620
2397623
2397625
2397626
2397628
2397630
2397631
2397632
2397636
2397637
2397648
2397650
2397654
2397656
2397660
2397661
2397663
2397665
2397667
2397669
2397676
2397677
2397678
2397683
2397686
2397688
2397691
2397700
2397701
2397702
2397704
2397713
2397714
2397715
2397716
2397717
2397720
2397725
2397726
2397728
2397731
2397732
2397736
2397738
2397741
2397742
2397746
2397747
2397748
2397749
2397750
2397752
2397754
2397757
2397761
2397763
2397764
2397765
2397766
2397769
2397770
2397773
2397775
2397778
2397781
2397784
2397785
2397788
2397792
2397799
2397801
2397808
2397809
2397810
2397811
2397818
2397820
2397824
2397828
2397832
2397835
2397836
2397839
2397840
2397843
2397846
2397848
2397855
2397864
2397868
2397870
2397871
2397874
2397877
2397880
2397882
2397883
2397884
2397892
2397895
2397898
2397900
2397906
2397909
2397912
2397915
2397916
2397918
2397919
2397921
2397925
2397926
2397928
2397934
2397941
2397942
2397945
2397946
2397947
2397948
2397949
2397953
2397954
2397955
2397957
2397960
2397962
2397965
2397967
2397970
2397971
2397972
2397973
2397974
2397976
2397977
2397984
2397987
2397989
2397991
2397994
2397995
2397996
2397997
2397999
2398001
2398007
2398009
2398010
2398011
2398013
2398020
2398023
2398025
2398029
2398031
2398036
2398037
2398038
2398046
2398047
2398051
2398057
2398059
2398060
2398061
2398063
2398065
2398066
2398067
2398070
2398071
2398080
2398085
2398087
2398088
2398091
2398093
2398096
2398099
2398101
2398102
2398104
2398105
2398106
2398107
2398111
2398112
2398113
2398116
2398117
2398118
2398123
2398126
2398127
2398128
2398129
2398130
2398132
2398134
2398138
2398140
2398141
2398142
2398144
2398147
2398148
2398154
2398156
2398160
2398161
2398164
2398166
2398168
2398172
2398179
2398183
2398184
2398185
2398187
2398190
2398196
2398197
2398205
2398207
2398208
2398218
2398219
2398220
2398221
2398222
2398231
2398234
2398235
2398236
2398237
2398239
2398241
2398242
2398243
2398247
2398249
2398255
2398256
2398258
2398259
2398260
2398264
2398266
2398268
2398269
2398270
2398271
2398273
2398274
2398276
2398277
2398280
2398281
2398286
2398289
2398290
2398291
2398297
2398299
2398301
2398303
2398305
2398306
2398308
2398314
2398315
2398320
2398325
2398328
2398331
2398335
2398337
2398342
2398344
2398346
2398347
2398348
2398352
2398353
2398354
2398357
2398358
2398360
2398361
2398364
2398365
2398366
2398367
2398369
2398370
2398378
2398380
2398381
2398387
2398389
2398390
2398393
2398394
2398397
2398399
2398402
2398404
2398407
2398408
2398411
2398412
2398413
2398414
2398416
2398419
2398427
2398428
2398436
2398438
2398439
2398446
2398447
2398452
2398454
2398457
2398458
2398461
2398463
2398464
2398467
2398468
2398469
2398471
2398472
2398473
2398483
2398486
2398488
2398492
2398495
2398497
2398499
2398507
2398508
2398510
2398515
2398517
2398519
2398522
2398527
2398529
2398530
2398533
2398536
2398537
2398543
2398548
2398550
2398551
2398556
2398558
2398559
2398566
2398568
2398569
2398572
2398573
2398574
2398575
2398579
2398580
2398581
2398584
2398589
2398594
2398599
2398601
2398603
2398604
2398611
2398613
2398614
2398616
2398617
2398623
2398624
2398626
2398630
2398640
2398647
2398648
2398650
2398651
2398655
2398657
2398659
2398661
2398666
2398673
2398674
2398676
2398679
2398684
2398687
2398688
2398696
2398697
2398698
2398702
2398708
2398709
2398710
2398718
2398722
2398724
2398725
2398728
2398730
2398731
2398732
2398733
2398734
2398735
2398736
2398738
2398744
2398748
2398753
2398757
2398762
2398764
2398766
2398772
2398777
2398779
2398781
2398782
2398783
2398786
2398789
2398790
2398792
2398793
2398794
2398796
2398798
2398799
2398802
2398803
2398811
2398819
2398820
2398824
2398827
2398831
2398832
2398833
2398835
2398837
2398838
2398839
2398840
2398841
2398844
2398846
2398849
2398855
2398861
2398862
2398865
2398866
2398869
2398870
2398873
2398874
2398875
2398876
2398877
2398882
2398883
2398888
2398889
2398892
2398893
2398898
2398900
2398910
2398915
2398916
2398917
2398926
2398930
2398932
2398934
2398938
2398940
2398942
2398943
2398945
2398947
2398949
2398952
2398954
2398957
2398959
2398961
2398966
2398971
2398972
2398974
2398976
2398982
2398985
2398986
2398989
2398990
2398995
2399001
2399002
2399004
2399007
2399014
2399015
2399018
2399019
2399020
2399021
2399022
2399024
2399026
2399027
2399029
2399031
2399032
2399033
2399036
2399040
2399042
2399043
2399044
2399045
2399053
2399055
2399058
2399060
2399061
2399063
2399065
2399068
2399069
2399071
2399072
2399073
2399077
2399079
2399081
2399082
2399087
2399088
2399090
2399092
2399093
2399094
2399095
2399096
2399098
2399104
2399107
2399112
2399116
2399118
2399122
2399123
2399124
2399127
2399128
2399131
2399133
2399135
2399144
2399145
2399150
2399154
2399162
2399163
2399165
2399167
2399173
2399180
2399181
2399185
2399187
2399188
2399191
2399195
2399204
2399206
2399207
2399208
2399218
2399219
2399220
2399226
2399229
2399238
2399239
2399241
2399242
2399243
2399244
2399245
2399246
2399249
2399250
2399256
2399257
2399260
2399262
2399263
2399264
2399267
2399269
2399278
2399281
2399282
2399289
2399292
2399294
2399295
2399296
2399298
2399299
2399300
2399301
2399304
2399308
2399309
2399313
2399315
2399317
2399328
2399330
2399332
2399334
2399337
2399338
2399339
2399342
2399343
2399344
2399347
2399349
2399352
2399354
2399355
2399357
2399360
2399361
2399363
2399368
2399369
2399371
2399376
2399377
2399384
2399386
2399387
2399388
2399395
2399396
2399401
2399403
2399405
2399406
2399408
2399410
2399411
2399412
2399414
2399415
2399418
2399421
2399425
2399427
2399430
2399432
2399433
2399438
2399439
2399441
2399442
2399443
2399445
2399448
2399449
2399456
2399459
2399462
2399463
2399465
2399467
2399471
2399473
2399474
2399475
2399480
2399481
2399482
2399483
2399486
2399491
2399500
2399502
2399504
2399505
2399506
2399507
2399508
2399509
2399512
2399515
2399516
2399517
2399519
2399523
2399532
2399539
2399540
2399541
2399546
2399553
2399555
2399556
2399560
2399563
2399565
2399567
2399569
2399572
2399575
2399576
2399578
2399581
2399583
2399587
2399590
2399591
2399594
2399595
2399601
2399602
2399606
2399607
2399608
2399613
2399614
2399617
2399619
2399620
2399623
2399624
2399625
2399627
2399629
2399634
2399637
2399638
2399639
2399640
2399641
2399643
2399645
2399646
2399647
2399648
2399651
2399652
2399659
2399664
2399666
2399670
2399671
2399674
2399680
2399681
2399683
2399685
2399686
2399689
2399690
2399691
2399692
2399695
2399696
2399702
2399704
2399708
2399709
2399710
2399712
2399713
2399714
2399715
2399716
2399717
2399719
2399721
2399722
2399723
2399725
2399729
2399731
2399734
2399735
2399737
2399740
2399742
2399743
2399750
2399751
2399753
2399754
2399756
2399757
2399758
2399759
2399760
2399761
2399763
2399766
2399768
2399769
2399772
2399774
2399775
2399784
2399785
2399786
2399788
2399789
2399791
2399793
2399796
2399797
2399800
2399807
2399809
2399810
2399811
2399814
2399818
2399820
2399827
2399831
2399832
2399833
2399838
2399839
2399840
2399842
2399846
2399849
2399854
2399858
2399861
2399871
2399873
2399883
2399888
2399893
2399894
2399896
2399897
2399898
2399907
2399908
2399909
2399920
2399927
2399933
2399934
2399938
2399941
2399943
2399944
2399945
2399950
2399958
2399960
2399961
2399963
2399965
2399967
2399971
2399972
2399976
2399978
2399981
2399982
2399986
2399987
2399995
2399997
2399998
2399999
2400001
2400002
2400004
2400005
2400008
2400010
2400014
2400016
2400017
2400022
2400028
2400029
2400037
2400042
2400044
2400045
2400046
2400049
2400052
2400054
2400055
2400056
2400057
2400058
2400059
2400062
2400064
2400066
2400067
2400070
2400071
2400072
2400075
2400078
2400080
2400082
2400083
2400084
2400085
2400090
2400091
2400094
2400095
2400096
2400098
2400109
2400110
2400111
2400116
2400117
2400121
2400122
2400129
2400131
2400136
2400138
2400142
2400151
2400152
2400155
2400157
2400160
2400170
2400171
2400172
2400173
2400176
2400177
2400181
2400184
2400186
2400189
2400190
2400193
2400195
2400197
2400199
2400202
2400203
2400205
2400208
2400215
2400217
2400221
2400224
2400227
2400228
2400232
2400235
2400237
2400238
2400239
2400246
2400250
2400252
2400253
2400256
2400265
2400266
2400268
2400269
2400270
2400271
2400273
2400279
2400280
2400286
2400289
2400296
2400297
2400299
2400300
2400302
2400308
2400309
2400315
2400316
2400317
2400319
2400322
2400326
2400329
2400330
2400331
2400333
2400340
2400342
2400344
2400349
2400351
2400353
2400354
2400358
2400359
2400361
2400363
2400364
2400366
2400367
2400373
2400376
2400377
2400381
2400382
2400384
2400385
2400386
2400388
2400391
2400393
2400401
2400403
2400405
2400407
2400408
2400409
2400412
2400415
2400421
2400422
2400424
2400426
2400428
2400431
2400432
2400434
2400436
2400439
2400440
2400443
2400447
2400454
2400455
2400456
2400457
2400460
2400463
2400467
2400472
2400473
2400475
2400489
2400497
2400501
2400503
2400505
2400510
2400517
2400521
2400526
2400528
2400529
2400535
2400537
2400538
2400539
2400540
2400545
2400548
2400550
2400551
2400552
2400554
2400555
2400558
2400566
2400569
2400575
2400579
2400580
2400583
2400584
2400586
2400588
2400589
2400595
2400597
2400601
2400606
2400617
2400620
2400621
2400627
2400628
2400630
2400632
2400633
2400637
2400642
2400644
2400646
2400651
2400655
2400656
2400659
2400661
2400662
2400663
2400665
2400677
2400681
2400682
2400686
2400690
2400691
2400695
2400698
2400700
2400703
2400705
2400710
2400711
2400722
2400723
2400726
2400728
2400729
2400730
2400733
2400734
2400749
2400750
2400755
2400756
2400758
2400762
2400764
2400765
2400768
2400772
2400774
2400778
2400781
2400784
2400787
2400792
2400793
2400797
2400799
2400803
2400805
2400806
2400808
2400810
2400811
2400814
2400818
2400820
2400821
2400826
2400829
2400833
2400836
2400837
2400841
2400842
2400843
2400845
2400847
2400848
2400850
2400851
2400854
2400855
2400858
2400859
2400860
2400861
2400862
2400868
2400870
2400872
2400873
2400876
2400877
2400878
2400879
2400884
2400885
2400886
2400895
2400896
2400902
2400903
2400909
2400912
2400913
2400916
2400919
2400925
2400926
2400933
2400941
2400946
2400947
2400950
2400952
2400959
2400960
2400961
2400963
2400964
2400965
2400967
2400972
2400975
2400978
2400981
2400988
2400989
2400995
2400997
2400998
2400999
2401002
2401003
2401010
2401013
2401016
2401017
2401022
2401025
2401029
2401030
2401032
2401038
2401039
2401040
2401044
2401053
2401058
2401060
2401065
2401066
2401069
2401071
2401073
2401074
2401075
2401078
2401083
2401088
2401091
2401094
2401095
2401097
2401098
2401099
2401109
2401111
2401116
2401121
2401125
2401128
2401135
2401136
2401139
2401140
2401142
2401147
2401149
2401151
2401154
2401155
2401160
2401166
2401167
2401170
2401172
2401173
2401179
2401180
2401181
2401182
2401183
2401186
2401188
2401192
2401193
2401196
2401199
2401202
2401203
2401205
2401213
2401216
2401218
2401219
2401221
2401222
2401224
2401225
2401230
2401231
2401238
2401239
2401244
2401245
2401247
2401248
2401251
2401256
2401257
2401258
2401261
2401264
2401265
2401266
2401268
2401274
2401277
2401279
2401282
2401285
2401286
2401287
2401288
2401292
2401296
2401300
2401302
2401304
2401306
2401307
2401310
2401312
2401319
2401321
2401326
2401334
2401335
2401337
2401341
2401343
2401344
2401345
2401347
2401350
2401351
2401357
2401359
2401360
2401361
2401362
2401363
2401364
2401365
2401373
2401380
2401383
2401387
2401389
2401390
2401391
2401396
2401399
2401404
2401408
2401409
2401417
2401424
2401425
2401428
2401431
2401434
2401436
2401437
2401438
2401439
2401442
2401443
2401447
2401448
2401449
2401450
2401451
2401452
2401456
2401462
2401463
2401464
2401466
2401468
2401470
2401472
2401474
2401477
2401479
2401480
2401482
2401488
2401489
2401492
2401504
2401509
2401515
2401518
2401519
2401520
2401521
2401522
2401527
2401529
2401532
2401533
2401534
2401537
2401538
2401539
2401540
2401541
2401544
2401547
2401550
2401551
2401552
2401553
2401557
2401560
2401563
2401564
2401565
2401566
2401567
2401569
2401570
2401571
2401572
2401579
2401580
2401581
2401583
2401584
2401587
2401589
2401592
2401595
2401598
2401600
2401601
2401603
2401604
2401609
2401616
2401618
2401620
2401621
2401622
2401624
2401629
2401631
2401632
2401633
2401640
2401644
2401646
2401647
2401648
2401650
2401652
2401655
2401657
2401660
2401662
2401666
2401670
2401674
2401675
2401683
2401688
2401689
2401693
2401697
2401704
2401708
2401709
2401710
2401712
2401713
2401714
2401718
2401722
2401723
2401724
2401725
2401726
2401728
2401729
2401733
2401736
2401737
2401745
2401746
2401747
2401748
2401752
2401753
2401760
2401770
2401771
2401773
2401776
2401779
2401782
2401784
2401786
2401787
2401792
2401801
2401803
2401805
2401807
2401810
2401811
2401812
2401813
2401818
2401819
2401820
2401822
2401826
2401827
2401831
2401835
2401836
2401842
2401845
2401846
2401847
2401848
2401856
2401857
2401859
2401860
2401864
2401865
2401866
2401869
2401871
2401881
2401887
2401890
2401891
2401892
2401895
2401897
2401900
2401906
2401907
2401909
2401910
2401912
2401914
2401916
2401917
2401920
2401921
2401923
2401926
2401927
2401929
2401941
2401942
2401943
2401945
2401947
2401951
2401953
2401957
2401959
2401961
2401963
2401964
2401966
2401967
2401970
2401972
2401987
2401989
2401994
2401997
2401998
2401999
2402001
2402002
2402004
2402005
2402007
2402012
2402015
2402016
2402028
2402030
2402032
2402033
2402035
2402038
2402042
2402048
2402056
2402062
2402063
2402065
2402068
2402069
2402071
2402072
2402078
2402080
2402082
2402084
2402085
2402086
2402089
2402090
2402093
2402094
2402097
2402098
2402101
2402102
2402105
2402108
2402110
2402113
2402115
2402116
2402117
2402118
2402119
2402122
2402123
2402127
2402134
2402140
2402141
2402144
2402145
2402150
2402157
2402158
2402161
2402163
2402166
2402171
2402172
2402174
2402179
2402182
2402188
2402189
2402192
2402197
2402204
2402205
2402207
2402210
2402212
2402218
2402221
2402225
2402231
2402233
2402237
2402238
2402239
2402240
2402241
2402243
2402246
2402248
2402249
2402251
2402254
2402256
2402258
2402260
2402262
2402263
2402266
2402267
2402271
2402276
2402278
2402280
2402282
2402283
2402287
2402288
2402289
2402291
2402300
2402302
2402303
2402306
2402308
2402311
2402315
2402321
2402323
2402328
2402329
2402330
2402332
2402336
2402337
2402338
2402339
2402340
2402342
2402346
2402348
2402349
2402352
2402354
2402356
2402357
2402358
2402364
2402365
2402374
2402379
2402382
2402383
2402385
2402386
2402388
2402389
2402391
2402393
2402395
2402397
2402401
2402406
2402407
2402411
2402419
2402421
2402427
2402432
2402435
2402436
2402437
2402438
2402439
2402446
2402447
2402450
2402451
2402452
2402453
2402454
2402455
2402456
2402457
2402458
2402464
2402469
2402472
2402473
2402474
2402475
2402476
2402479
2402481
2402487
2402489
2402490
2402495
2402496
2402499
2402503
2402504
2402505
2402508
2402509
2402510
2402511
2402514
2402515
2402516
2402519
2402521
2402522
2402527
2402528
2402529
2402532
2402535
2402539
2402540
2402543
2402544
2402551
2402552
2402554
2402555
2402569
2402570
2402571
2402572
2402573
2402576
2402578
2402579
2402580
2402583
2402584
2402588
2402589
2402591
2402592
2402597
2402600
2402601
2402604
2402606
2402607
2402608
2402609
2402610
2402617
2402618
2402619
2402620
2402625
2402628
2402630
2402640
2402646
2402648
2402656
2402657
2402662
2402664
2402667
2402668
2402671
2402672
2402673
2402676
2402677
2402680
2402681
2402683
2402691
2402692
2402694
2402695
2402696
2402700
2402704
2402707
2402714
2402718
2402723
2402724
2402726
2402730
2402731
2402733
2402743
2402745
2402748
2402753
2402758
2402761
2402765
2402768
2402769
2402770
2402771
2402774
2402775
2402777
2402778
2402782
2402783
2402795
2402796
2402800
2402801
2402803
2402804
2402806
2402808
2402809
2402812
2402813
2402814
2402816
2402821
2402825
2402826
2402828
2402836
2402837
2402838
2402840
2402847
2402848
2402850
2402856
2402857
2402858
2402861
2402862
2402865
2402868
2402870
2402872
2402873
2402878
2402879
2402881
2402883
2402884
2402886
2402890
2402892
2402894
2402899
2402902
2402905
2402907
2402911
2402913
2402916
2402917
2402922
2402925
2402935
2402937
2402939
2402941
2402948
2402949
2402951
2402953
2402954
2402957
2402959
2402960
2402962
2402963
2402964
2402965
2402966
2402970
2402981
2402986
2402987
2402988
2402993
2402994
2402996
2403000
2403001
2403007
2403009
2403011
2403014
2403020
2403025
2403033
2403036
2403038
2403045
2403046
2403051
2403053
2403067
2403076
2403077
2403079
2403081
2403084
2403087
2403093
2403094
2403095
2403096
2403098
2403100
2403101
2403103
2403104
2403105
2403110
2403111
2403115
2403119
2403121
2403126
2403131
2403132
2403140
2403141
2403145
2403146
2403147
2403150
2403154
2403155
2403162
2403165
2403166
2403167
2403168
2403173
2403176
2403177
2403178
2403179
2403184
2403193
2403195
2403199
2403200
2403202
2403210
2403211
2403213
2403218
2403220
2403223
2403224
2403225
2403226
2403228
2403230
2403231
2403235
2403237
2403244
2403245
2403246
2403249
2403250
2403251
2403256
2403257
2403259
2403261
2403264
2403267
2403273
2403275
2403277
2403284
2403285
2403286
2403290
2403293
2403299
2403301
2403302
2403303
2403304
2403306
2403310
2403311
2403318
2403322
2403326
2403331
2403334
2403339
2403340
2403341
2403344
2403345
2403346
2403356
2403357
2403363
2403364
2403369
2403372
2403376
2403377
2403378
2403382
2403383
2403384
2403386
2403387
2403392
2403394
2403398
2403401
2403409
2403410
2403411
2403414
2403419
2403421
2403424
2403425
2403426
2403428
2403433
2403434
2403440
2403444
2403447
2403451
2403460
2403461
2403464
2403465
2403466
2403470
2403481
2403484
2403487
2403488
2403489
2403492
2403496
2403500
2403501
2403512
2403514
2403519
2403521
2403522
2403528
2403531
2403537
2403538
2403541
2403547
2403548
2403554
2403559
2403561
2403565
2403566
2403569
2403570
2403574
2403575
2403578
2403581
2403584
2403589
2403590
2403593
2403594
2403596
2403597
2403599
2403602
2403603
2403607
2403609
2403610
2403612
2403613
2403614
2403618
2403622
2403623
2403625
2403627
2403630
2403632
2403637
2403640
2403642
2403647
2403648
2403649
2403652
2403653
2403655
2403656
2403657
2403663
2403668
2403669
2403674
2403675
2403676
2403677
2403678
2403682
2403684
2403691
2403695
2403699
2403700
2403702
2403707
2403715
2403718
2403719
2403720
2403721
2403726
2403734
2403736
2403737
2403740
2403745
2403746
2403751
2403754
2403757
2403758
2403759
2403760
2403763
2403769
2403770
2403791
2403794
2403795
2403797
2403799
2403803
2403804
2403805
2403807
2403808
2403814
2403818
2403819
2403821
2403824
2403829
2403837
2403840
2403842
2403844
2403846
2403847
2403848
2403850
2403853
2403856
2403857
2403858
2403861
2403865
2403868
2403869
2403872
2403874
2403875
2403881
2403885
2403890
2403894
2403899
2403900
2403902
2403903
2403904
2403905
2403907
2403908
2403909
2403910
2403911
2403914
2403915
2403919
2403921
2403922
2403923
2403927
2403928
2403929
2403930
2403933
2403936
2403937
2403938
2403939
2403944
2403947
2403955
2403957
2403958
2403959
2403961
2403962
2403964
2403971
2403973
2403975
2403976
2403978
2403979
2403981
2403983
2403987
2403992
2403996
2403997
2403998
2404003
2404009
2404011
2404013
2404015
2404016
2404017
2404021
2404022
2404030
2404033
2404037
2404044
2404046
2404053
2404055
2404056
2404060
2404061
2404063
2404065
2404066
2404068
2404069
2404070
2404074
2404076
2404077
2404079
2404081
2404083
2404085
2404088
2404095
2404098
2404101
2404102
2404104
2404106
2404121
2404125
2404128
2404129
2404131
2404132
2404136
2404138
2404139
2404145
2404147
2404150
2404153
2404154
2404155
2404156
2404163
2404164
2404168
2404169
2404172
2404174
2404175
2404179
2404183
2404186
2404188
2404193
2404195
2404197
2404199
2404207
2404212
2404215
2404216
2404218
2404220
2404221
2404224
2404225
2404226
2404227
2404232
2404236
2404237
2404241
2404243
2404244
2404246
2404248
2404250
2404251
2404252
2404255
2404258
2404262
2404263
2404264
2404266
2404267
2404268
2404270
2404272
2404275
2404278
2404283
2404285
2404291
2404296
2404298
2404300
2404306
2404307
2404309
2404312
2404314
2404315
2404318
2404322
2404326
2404331
2404332
2404333
2404336
2404337
2404341
2404343
2404346
2404348
2404352
2404354
2404355
2404356
2404358
2404361
2404364
2404372
2404375
2404376
2404379
2404381
2404384
2404386
2404391
2404394
2404404
2404408
2404411
2404415
2404417
2404418
2404421
2404422
2404429
2404437
2404445
2404448
2404450
2404451
2404455
2404460
2404463
2404468
2404471
2404475
2404477
2404479
2404480
2404481
2404491
2404494
2404495
2404499
2404500
2404504
2404511
2404513
2404515
2404517
2404518
2404521
2404529
2404530
2404531
2404532
2404534
2404535
2404539
2404545
2404550
2404554
2404555
2404557
2404558
2404561
2404562
2404563
2404568
2404569
2404570
2404573
2404574
2404580
2404582
2404586
2404587
2404589
2404593
2404597
2404602
2404603
2404604
2404606
2404609
2404612
2404615
2404616
2404618
2404626
2404627
2404638
2404639
2404641
2404643
2404644
2404645
2404646
2404647
2404652
2404658
2404659
2404661
2404662
2404664
2404669
2404670
2404673
2404674
2404677
2404682
2404684
2404686
2404687
2404694
2404697
2404700
2404702
2404703
2404704
2404706
2404709
2404716
2404718
2404719
2404722
2404723
2404725
2404726
2404728
2404730
2404739
2404743
2404747
2404750
2404752
2404753
2404754
2404757
2404760
2404764
2404766
2404767
2404771
2404774
2404779
2404781
2404782
2404783
2404785
2404786
2404787
2404792
2404793
2404794
2404797
2404798
2404802
2404804
2404805
2404808
2404811
2404822
2404823
2404825
2404826
2404827
2404829
2404831
2404832
2404841
2404842
2404844
2404847
2404852
2404854
2404860
2404861
2404863
2404867
2404868
2404870
2404872
2404873
2404876
2404878
2404881
2404886
2404888
2404891
2404894
2404896
2404897
2404898
2404901
2404903
2404904
2404906
2404908
2404910
2404911
2404912
2404914
2404915
2404917
2404918
2404923
2404924
2404925
2404926
2404930
2404932
2404935
2404936
2404937
2404942
2404946
2404948
2404952
2404953
2404954
2404955
2404968
2404971
2404973
2404974
2404975
2404976
2404978
2404983
2404985
2404986
2404987
2404992
2404995
2404997
2404998
2405000
2405002
2405006
2405008
2405014
2405015
2405016
2405018
2405020
2405021
2405024
2405026
2405027
2405030
2405033
2405038
2405041
2405042
2405044
2405048
2405052
2405053
2405056
2405057
2405058
2405059
2405063
2405064
2405065
2405066
2405067
2405069
2405070
2405073
2405077
2405078
2405081
2405085
2405088
2405089
2405098
2405099
2405100
2405109
2405110
2405113
2405115
2405117
2405119
2405120
2405122
2405125
2405126
2405127
2405128
2405129
2405133
2405140
2405144
2405145
2405148
2405149
2405150
2405151
2405153
2405159
2405160
2405161
2405162
2405163
2405164
2405174
2405175
2405178
2405179
2405181
2405183
2405184
2405185
2405188
2405194
2405195
2405198
2405202
2405203
2405204
2405207
2405213
2405215
2405217
2405218
2405221
2405225
2405227
2405228
2405229
2405230
2405235
2405236
2405242
2405247
2405249
2405250
2405251
2405252
2405258
2405259
2405260
2405262
2405267
2405269
2405284
2405287
2405306
2405307
2405310
2405313
2405314
2405317
2405321
2405323
2405325
2405326
2405328
2405330
2405331
2405332
2405333
2405335
2405337
2405338
2405340
2405342
2405343
2405344
2405345
2405355
2405357
2405358
2405361
2405369
2405370
2405377
2405379
2405380
2405382
2405383
2405384
2405385
2405388
2405390
2405392
2405397
2405399
2405404
2405405
2405408
2405409
2405414
2405417
2405420
2405421
2405424
2405425
2405428
2405432
2405435
2405439
2405441
2405442
2405444
2405447
2405448
2405450
2405452
2405454
2405457
2405460
2405462
2405471
2405478
2405479
2405481
2405485
2405486
2405487
2405488
2405495
2405496
2405498
2405500
2405501
2405502
2405505
2405508
2405510
2405511
2405512
2405513
2405514
2405515
2405517
2405518
2405521
2405523
2405524
2405527
2405529
2405531
2405532
2405533
2405535
2405536
2405537
2405539
2405540
2405541
2405543
2405544
2405546
2405547
2405548
2405550
2405551
2405560
2405565
2405566
2405567
2405569
2405571
2405576
2405577
2405587
2405588
2405590
2405595
2405597
2405599
2405600
2405602
2405605
2405609
2405610
2405618
2405619
2405621
2405623
2405625
2405627
2405629
2405631
2405635
2405637
2405639
2405642
2405646
2405648
2405649
2405650
2405651
2405653
2405654
2405659
2405663
2405664
2405665
2405669
2405670
2405672
2405674
2405677
2405678
2405679
2405682
2405687
2405688
2405691
2405692
2405693
2405694
2405695
2405698
2405700
2405704
2405706
2405707
2405709
2405712
2405713
2405715
2405716
2405718
2405719
2405722
2405728
2405734
2405737
2405741
2405750
2405752
2405753
2405755
2405757
2405758
2405760
2405764
2405767
2405769
2405771
2405773
2405784
2405787
2405789
2405792
2405794
2405795
2405798
2405800
2405802
2405803
2405804
2405812
2405813
2405814
2405818
2405819
2405820
2405824
2405827
2405829
2405833
2405836
2405838
2405839
2405840
2405843
2405847
2405854
2405856
2405857
2405861
2405862
2405865
2405866
2405869
2405871
2405873
2405877
2405878
2405879
2405880
2405887
2405888
2405890
2405891
2405893
2405895
2405898
2405901
2405902
2405903
2405905
2405908
2405913
2405914
2405915
2405917
2405919
2405920
2405923
2405928
2405931
2405932
2405936
2405940
2405941
2405943
2405947
2405948
2405949
2405953
2405954
2405955
2405958
2405959
2405961
2405962
2405963
2405965
2405966
2405968
2405973
2405974
2405975
2405977
2405978
2405979
2405982
2405984
2405987
2405988
2405989
2405993
2405997
2405999
2406002
2406007
2406011
2406014
2406015
2406021
2406022
2406025
2406027
2406028
2406029
2406033
2406034
2406035
2406040
2406041
2406042
2406051
2406053
2406054
2406060
2406061
2406062
2406065
2406066
2406068
2406069
2406071
2406074
2406076
2406077
2406078
2406086
2406087
2406089
2406090
2406091
2406094
2406095
2406096
2406107
2406109
2406111
2406113
2406121
2406123
2406124
2406137
2406141
2406142
2406146
2406147
2406148
2406149
2406150
2406159
2406162
2406163
2406164
2406169
2406170
2406173
2406180
2406184
2406185
2406189
2406195
2406196
2406198
2406202
2406207
2406208
2406209
2406213
2406217
2406221
2406222
2406227
2406235
2406236
2406238
2406240
2406241
2406242
2406243
2406246
2406247
2406253
2406255
2406258
2406259
2406260
2406261
2406262
2406265
2406267
2406269
2406272
2406274
2406275
2406278
2406291
2406292
2406293
2406296
2406299
2406306
2406307
2406310
2406311
2406312
2406314
2406316
2406317
2406319
2406324
2406327
2406328
2406331
2406332
2406337
2406340
2406342
2406344
2406348
2406349
2406364
2406370
2406371
2406373
2406378
2406383
2406386
2406393
2406396
2406397
2406402
2406403
2406411
2406413
2406416
2406421
2406423
2406427
2406428
2406429
2406434
2406435
2406436
2406444
2406448
2406449
2406452
2406457
2406459
2406463
2406470
2406471
2406473
2406474
2406478
2406480
2406482
2406485
2406486
2406487
2406490
2406492
2406493
2406494
2406496
2406497
2406504
2406505
2406506
2406509
2406511
2406512
2406515
2406517
2406521
2406528
2406537
2406539
2406541
2406542
2406548
2406552
2406555
2406556
2406557
2406558
2406561
2406562
2406567
2406571
2406572
2406574
2406577
2406578
2406580
2406581
2406585
2406588
2406590
2406592
2406594
2406597
2406607
2406610
2406614
2406615
2406621
2406622
2406623
2406627
2406628
2406630
2406631
2406632
2406633
2406638
2406642
2406643
2406644
2406647
2406648
2406649
2406653
2406655
2406656
2406659
2406661
2406662
2406664
2406666
2406668
2406669
2406672
2406675
2406678
2406687
2406688
2406690
2406692
2406702
2406710
2406712
2406714
2406719
2406720
2406723
2406727
2406736
2406738
2406741
2406742
2406743
2406744
2406749
2406751
2406758
2406759
2406762
2406764
2406767
2406768
2406769
2406774
2406778
2406786
2406788
2406789
2406791
2406794
2406795
2406801
2406806
2406807
2406809
2406818
2406825
2406828
2406829
2406832
2406835
2406839
2406843
2406853
2406859
2406865
2406867
2406871
2406872
2406875
2406881
2406884
2406886
2406887
2406889
2406890
2406895
2406898
2406900
2406902
2406906
2406909
2406910
2406919
2406930
2406931
2406933
2406935
2406937
2406940
2406943
2406947
2406949
2406951
2406953
2406954
2406955
2406956
2406957
2406964
2406965
2406968
2406977
2406978
2406979
2406981
2406982
2406983
2406987
2406991
2406993
2406994
2406995
2406998
2406999
2407000
2407001
2407004
2407005
2407006
2407007
2407012
2407013
2407019
2407020
2407021
2407022
2407026
2407027
2407028
2407029
2407030
2407032
2407035
2407037
2407040
2407046
2407048
2407053
2407054
2407055
2407057
2407058
2407059
2407069
2407070
2407073
2407075
2407076
2407077
2407078
2407085
2407091
2407092
2407095
2407096
2407097
2407098
2407101
2407102
2407104
2407105
2407106
2407110
2407112
2407114
2407118
2407120
2407128
2407129
2407131
2407137
2407138
2407142
2407147
2407149
2407155
2407156
2407157
2407160
2407166
2407167
2407168
2407169
2407174
2407181
2407182
2407185
2407186
2407188
2407193
2407195
2407196
2407199
2407201
2407203
2407205
2407211
2407212
2407214
2407219
2407223
2407225
2407227
2407232
2407241
2407245
2407253
2407256
2407257
2407263
2407264
2407269
2407270
2407272
2407274
2407275
2407280
2407282
2407284
2407286
2407300
2407301
2407303
2407307
2407309
2407313
2407316
2407323
2407326
2407327
2407329
2407330
2407331
2407332
2407334
2407341
2407343
2407347
2407348
2407349
2407351
2407358
2407364
2407365
2407368
2407371
2407373
2407374
2407375
2407376
2407378
2407379
2407382
2407386
2407387
2407388
2407390
2407396
2407398
2407401
2407402
2407403
2407405
2407407
2407410
2407411
2407413
2407416
2407418
2407421
2407427
2407430
2407433
2407434
2407443
2407445
2407448
2407457
2407458
2407460
2407463
2407464
2407465
2407470
2407472
2407473
2407477
2407478
2407479
2407483
2407484
2407485
2407489
2407490
2407493
2407494
2407496
2407498
2407500
2407501
2407502
2407508
2407510
2407514
2407515
2407516
2407517
2407520
2407523
2407526
2407532
2407533
2407537
2407541
2407543
2407549
2407550
2407555
2407559
2407560
2407564
2407565
2407567
2407571
2407579
2407580
2407583
2407584
2407585
2407586
2407588
2407590
2407592
2407593
2407597
2407598
2407599
2407600
2407601
2407602
2407609
2407611
2407613
2407616
2407618
2407621
2407623
2407624
2407627
2407632
2407634
2407635
2407639
2407641
2407643
2407644
2407645
2407647
2407648
2407651
2407653
2407654
2407657
2407664
2407665
2407667
2407673
2407677
2407679
2407681
2407683
2407684
2407686
2407693
2407694
2407695
2407699
2407703
2407706
2407709
2407712
2407716
2407717
2407719
2407722
2407723
2407725
2407733
2407734
2407736
2407738
2407739
2407743
2407746
2407748
2407751
2407756
2407758
2407759
2407760
2407762
2407766
2407769
2407770
2407781
2407785
2407788
2407789
2407790
2407792
2407793
2407795
2407797
2407800
2407801
2407802
2407804
2407808
2407811
2407813
2407816
2407819
2407820
2407825
2407826
2407827
2407828
2407832
2407838
2407842
2407849
2407860
2407861
2407865
2407879
2407880
2407884
2407885
2407886
2407887
2407894
2407897
2407899
2407900
2407901
2407903
2407909
2407912
2407913
2407916
2407917
2407918
2407919
2407929
2407930
2407931
2407941
2407942
2407946
2407948
2407949
2407950
2407953
2407956
2407957
2407958
2407964
2407967
2407969
2407970
2407972
2407974
2407978
2407983
2407986
2407990
2407992
2407993
2407997
2407998
2408001
2408004
2408007
2408008
2408009
2408010
2408011
2408014
2408020
2408024
2408027
2408029
2408035
2408037
2408040
2408041
2408042
2408044
2408045
2408046
2408048
2408049
2408051
2408052
2408056
2408057
2408058
2408062
2408064
2408068
2408072
2408073
2408074
2408075
2408084
2408087
2408089
2408093
2408096
2408101
2408102
2408104
2408106
2408108
2408117
2408119
2408123
2408126
2408128
2408131
2408132
2408134
2408135
2408137
2408140
2408141
2408142
2408144
2408146
2408147
2408149
2408151
2408158
2408162
2408163
2408165
2408168
2408171
2408173
2408181
2408187
2408190
2408194
2408195
2408196
2408197
2408198
2408199
2408202
2408203
2408205
2408206
2408207
2408213
2408215
2408220
2408224
2408225
2408226
2408227
2408229
2408230
2408231
2408232
2408233
2408238
2408243
2408248
2408252
2408261
2408263
2408265
2408269
2408276
2408281
2408284
2408287
2408288
2408293
2408295
2408296
2408297
2408300
2408301
2408303
2408305
2408307
2408308
2408311
2408315
2408316
2408317
2408322
2408327
2408338
2408339
2408340
2408342
2408343
2408344
2408352
2408357
2408361
2408366
2408370
2408374
2408383
2408384
2408385
2408386
2408389
2408390
2408393
2408402
2408403
2408404
2408405
2408408
2408412
2408416
2408417
2408422
2408423
2408424
2408426
2408428
2408438
2408445
2408447
2408448
2408453
2408456
2408457
2408458
2408459
2408463
2408472
2408473
2408476
2408479
2408480
2408482
2408486
2408487
2408488
2408490
2408492
2408493
2408494
2408495
2408497
2408499
2408502
2408503
2408509
2408510
2408514
2408516
2408517
2408519
2408524
2408528
2408532
2408535
2408537
2408539
2408543
2408550
2408551
2408553
2408555
2408558
2408559
2408562
2408563
2408564
2408566
2408567
2408568
2408574
2408575
2408577
2408578
2408579
2408581
2408584
2408592
2408593
2408594
2408596
2408597
2408601
2408605
2408607
2408608
2408610
2408614
2408617
2408621
2408625
2408626
2408630
2408631
2408638
2408643
2408645
2408647
2408648
2408650
2408652
2408654
2408655
2408657
2408658
2408661
2408662
2408666
2408667
2408673
2408674
2408680
2408684
2408685
2408686
2408690
2408693
2408697
2408703
2408704
2408708
2408709
2408719
2408722
2408723
2408724
2408725
2408728
2408733
2408734
2408739
2408741
2408742
2408743
2408745
2408747
2408752
2408754
2408760
2408766
2408767
2408769
2408778
2408780
2408781
2408782
2408783
2408787
2408792
2408797
2408799
2408800
2408804
2408806
2408808
2408811
2408813
2408814
2408816
2408817
2408822
2408823
2408826
2408828
2408837
2408841
2408846
2408849
2408857
2408859
2408860
2408864
2408865
2408866
2408873
2408877
2408880
2408882
2408883
2408887
2408889
2408894
2408895
2408899
2408900
2408904
2408906
2408907
2408909
2408911
2408912
2408914
2408915
2408916
2408920
2408922
2408924
2408925
2408928
2408931
2408933
2408934
2408938
2408939
2408942
2408943
2408949
2408951
2408952
2408954
2408957
2408969
2408970
2408976
2408979
2408980
2408982
2408989
2408995
2408997
2409003
2409004
2409008
2409009
2409010
2409012
2409014
2409015
2409020
2409029
2409030
2409032
2409037
2409042
2409044
2409046
2409047
2409048
2409049
2409050
2409052
2409053
2409054
2409055
2409056
2409060
2409061
2409062
2409065
2409069
2409073
2409074
2409075
2409077
2409081
2409083
2409088
2409095
2409096
2409097
2409101
2409103
2409105
2409106
2409114
2409116
2409119
2409122
2409125
2409127
2409130
2409133
2409141
2409144
2409147
2409149
2409152
2409155
2409159
2409160
2409164
2409165
2409167
2409168
2409172
2409186
2409188
2409189
2409190
2409192
2409201
2409202
2409203
2409206
2409207
2409209
2409212
2409214
2409215
2409218
2409228
2409229
2409230
2409233
2409234
2409236
2409239
2409240
2409241
2409244
2409251
2409253
2409254
2409260
2409265
2409266
2409267
2409268
2409269
2409270
2409272
2409278
2409279
2409280
2409281
2409284
2409286
2409292
2409294
2409295
2409300
2409305
2409307
2409310
2409311
2409314
2409318
2409328
2409332
2409334
2409335
2409336
2409337
2409343
2409344
2409345
2409363
2409366
2409367
2409368
2409369
2409374
2409379
2409382
2409384
2409385
2409387
2409389
2409390
2409392
2409394
2409395
2409398
2409407
2409408
2409411
2409413
2409417
2409424
2409425
2409426
2409433
2409434
2409438
2409440
2409442
2409443
2409444
2409446
2409448
2409450
2409454
2409455
2409460
2409466
2409471
2409472
2409476
2409477
2409478
2409479
2409481
2409487
2409489
2409490
2409492
2409493
2409494
2409501
2409502
2409503
2409507
2409508
2409510
2409512
2409525
2409530
2409531
2409535
2409536
2409537
2409541
2409545
2409546
2409547
2409551
2409559
2409560
2409563
2409564
2409568
2409572
2409574
2409576
2409578
2409582
2409586
2409589
2409590
2409591
2409594
2409596
2409597
2409598
2409600
2409601
2409604
2409610
2409611
2409612
2409613
2409614
2409618
2409619
2409621
2409625
2409626
2409629
2409631
2409632
2409637
2409639
2409640
2409641
2409644
2409645
2409647
2409648
2409650
2409651
2409657
2409663
2409664
2409666
2409669
2409672
2409676
2409693
2409695
2409697
2409702
2409704
2409706
2409711
2409713
2409716
2409719
2409723
2409726
2409730
2409732
2409739
2409742
2409743
2409749
2409752
2409753
2409756
2409761
2409769
2409771
2409772
2409777
2409778
2409781
2409786
2409787
2409788
2409791
2409792
2409794
2409797
2409798
2409800
2409808
2409809
2409815
2409816
2409817
2409820
2409821
2409826
2409827
2409830
2409832
2409836
2409837
2409838
2409840
2409844
2409847
2409851
2409854
2409855
2409857
2409858
2409861
2409865
2409871
2409880
2409881
2409883
2409889
2409891
2409892
2409893
2409897
2409901
2409904
2409906
2409908
2409913
2409914
2409919
2409923
2409924
2409925
2409930
2409936
2409939
2409940
2409943
2409945
2409947
2409950
2409954
2409955
2409956
2409958
2409959
2409963
2409964
2409967
2409973
2409975
2409979
2409981
2409983
2409987
2409988
2409993
2409996
2409997
2409998
2410001
2410005
2410006
2410008
2410009
2410011
2410013
2410016
2410017
2410021
2410022
2410023
2410024
2410025
2410028
2410029
2410033
2410035
2410036
2410038
2410039
2410040
2410041
2410047
2410051
2410054
2410055
2410057
2410060
2410063
2410064
2410067
2410069
2410070
2410071
2410074
2410075
2410082
2410084
2410091
2410093
2410098
2410101
2410106
2410110
2410111
2410113
2410114
2410117
2410118
2410119
2410120
2410122
2410123
2410125
2410128
2410130
2410132
2410137
2410143
2410144
2410147
2410149
2410154
2410155
2410156
2410157
2410164
2410168
2410170
2410171
2410174
2410184
2410186
2410190
2410193
2410195
2410198
2410199
2410203
2410208
2410209
2410214
2410217
2410220
2410221
2410222
2410223
2410229
2410232
2410234
2410237
2410240
2410241
2410243
2410244
2410245
2410248
2410250
2410253
2410255
2410258
2410259
2410262
2410268
2410270
2410276
2410277
2410279
2410282
2410283
2410288
2410293
2410294
2410295
2410297
2410298
2410301
2410306
2410307
2410311
2410312
2410315
2410316
2410329
2410330
2410333
2410337
2410338
2410339
2410341
2410342
2410344
2410345
2410348
2410351
2410356
2410357
2410358
2410359
2410360
2410362
2410363
2410364
2410365
2410366
2410367
2410370
2410372
2410373
2410379
2410381
2410385
2410387
2410388
2410389
2410391
2410393
2410395
2410397
2410398
2410399
2410400
2410403
2410405
2410406
2410410
2410411
2410426
2410428
2410435
2410442
2410444
2410445
2410450
2410451
2410452
2410455
2410458
2410461
2410462
2410465
2410470
2410472
2410481
2410482
2410483
2410487
2410489
2410492
2410495
2410497
2410498
2410501
2410502
2410503
2410504
2410505
2410511
2410512
2410513
2410514
2410517
2410520
2410522
2410526
2410527
2410528
2410529
2410541
2410544
2410546
2410549
2410550
2410557
2410559
2410565
2410566
2410567
2410570
2410571
2410576
2410578
2410581
2410582
2410584
2410588
2410591
2410596
2410599
2410600
2410601
2410602
2410604
2410606
2410612
2410614
2410615
2410616
2410617
2410620
2410621
2410622
2410623
2410624
2410629
2410631
2410632
2410633
2410637
2410639
2410643
2410644
2410649
2410652
2410653
2410654
2410658
2410660
2410661
2410664
2410666
2410670
2410671
2410672
2410678
2410679
2410680
2410681
2410684
2410686
2410691
2410692
2410696
2410702
2410704
2410706
2410708
2410709
2410710
2410711
2410713
2410715
2410716
2410721
2410722
2410724
2410727
2410731
2410733
2410736
2410739
2410740
2410741
2410743
2410745
2410747
2410750
2410752
2410754
2410758
2410759
2410761
2410763
2410768
2410769
2410770
2410772
2410774
2410777
2410779
2410781
2410783
2410785
2410786
2410791
2410794
2410795
2410797
2410802
2410804
2410806
2410809
2410811
2410813
2410814
2410816
2410822
2410825
2410827
2410828
2410832
2410841
2410847
2410849
2410850
2410855
2410856
2410859
2410860
2410861
2410866
2410870
2410874
2410875
2410876
2410878
2410879
2410880
2410884
2410886
2410890
2410892
2410893
2410895
2410897
2410900
2410901
2410902
2410911
2410913
2410920
2410921
2410922
2410924
2410927
2410931
2410940
2410942
2410944
2410945
2410947
2410949
2410950
2410951
2410952
2410955
2410956
2410958
2410960
2410963
2410966
2410967
2410969
2410971
2410972
2410973
2410974
2410977
2410980
2410986
2410991
2410992
2410993
2411001
2411003
2411016
2411019
2411025
2411027
2411031
2411032
2411033
2411037
2411039
2411041
2411045
2411048
2411049
2411050
2411053
2411056
2411057
2411059
2411060
2411064
2411066
2411068
2411072
2411074
2411076
2411077
2411083
2411086
2411089
2411090
2411091
2411093
2411095
2411101
2411105
2411106
2411108
2411109
2411113
2411114
2411116
2411117
2411119
2411123
2411126
2411127
2411131
2411132
2411137
2411138
2411142
2411144
2411146
2411147
2411148
2411154
2411156
2411159
2411163
2411164
2411166
2411167
2411168
2411171
2411172
2411175
2411176
2411177
2411178
2411182
2411186
2411190
2411192
2411194
2411196
2411197
2411199
2411200
2411203
2411205
2411210
2411217
2411220
2411221
2411232
2411234
2411235
2411238
2411239
2411240
2411241
2411242
2411246
2411254
2411260
2411262
2411265
2411266
2411270
2411272
2411274
2411275
2411283
2411285
2411287
2411288
2411295
2411297
2411299
2411300
2411307
2411308
2411311
2411316
2411318
2411322
2411324
2411325
2411327
2411330
2411333
2411336
2411338
2411341
2411344
2411346
2411351
2411352
2411353
2411354
2411357
2411358
2411359
2411367
2411368
2411369
2411376
2411378
2411381
2411390
2411391
2411396
2411403
2411405
2411408
2411409
2411412
2411416
2411419
2411421
2411423
2411425
2411426
2411428
2411429
2411430
2411432
2411433
2411436
2411440
2411441
2411442
2411453
2411454
2411456
2411461
2411464
2411465
2411471
2411474
2411475
2411477
2411479
2411484
2411485
2411490
2411493
2411494
2411495
2411498
2411500
2411502
2411504
2411506
2411507
2411511
2411514
2411516
2411518
2411524
2411526
2411530
2411533
2411536
2411541
2411543
2411544
2411546
2411548
2411549
2411555
2411560
2411561
2411562
2411564
2411567
2411568
2411569
2411572
2411576
2411579
2411581
2411582
2411584
2411585
2411592
2411596
2411597
2411598
2411602
2411604
2411607
2411608
2411609
2411615
2411617
2411618
2411622
2411623
2411625
2411626
2411629
2411630
2411631
2411639
2411642
2411644
2411645
2411646
2411647
2411648
2411649
2411650
2411651
2411653
2411654
2411661
2411662
2411663
2411665
2411666
2411670
2411673
2411674
2411682
2411684
2411687
2411688
2411689
2411690
2411692
2411693
2411696
2411697
2411702
2411703
2411706
2411708
2411710
2411711
2411713
2411714
2411716
2411717
2411720
2411733
2411736
2411738
2411739
2411740
2411742
2411746
2411747
2411751
2411752
2411764
2411766
2411768
2411769
2411770
2411776
2411778
2411780
2411782
2411784
2411786
2411789
2411792
2411793
2411795
2411796
2411806
2411812
2411813
2411817
2411818
2411823
2411824
2411828
2411829
2411830
2411831
2411833
2411838
2411840
2411844
2411849
2411852
2411853
2411855
2411857
2411861
2411862
2411863
2411866
2411867
2411869
2411871
2411874
2411875
2411876
2411878
2411893
2411895
2411896
2411902
2411905
2411907
2411908
2411912
2411915
2411918
2411919
2411920
2411922
2411923
2411924
2411927
2411933
2411934
2411938
2411940
2411944
2411949
2411952
2411957
2411958
2411959
2411961
2411966
2411967
2411969
2411973
2411974
2411975
2411978
2411983
2411985
2411990
2411992
2411993
2411996
2412000
2412002
2412006
2412007
2412012
2412016
2412018
2412020
2412023
2412024
2412027
2412029
2412032
2412034
2412035
2412046
2412047
2412052
2412053
2412055
2412057
2412062
2412063
2412069
2412072
2412073
2412080
2412084
2412086
2412087
2412090
2412091
2412094
2412099
2412102
2412104
2412105
2412107
2412109
2412113
2412121
2412122
2412123
2412125
2412127
2412128
2412129
2412133
2412135
2412136
2412138
2412140
2412142
2412143
2412148
2412149
2412150
2412153
2412159
2412167
2412168
2412178
2412183
2412188
2412193
2412194
2412196
2412199
2412202
2412203
2412210
2412213
2412216
2412218
2412219
2412221
2412222
2412226
2412227
2412230
2412231
2412232
2412233
2412234
2412235
2412237
2412240
2412243
2412244
2412246
2412247
2412251
2412252
2412253
2412254
2412255
2412263
2412266
2412267
2412268
2412269
2412270
2412276
2412277
2412278
2412286
2412290
2412291
2412292
2412296
2412301
2412302
2412303
2412304
2412306
2412307
2412308
2412309
2412310
2412312
2412314
2412317
2412321
2412323
2412326
2412331
2412335
2412336
2412340
2412342
2412346
2412349
2412351
2412352
2412358
2412359
2412361
2412362
2412363
2412364
2412370
2412371
2412372
2412374
2412379
2412385
2412386
2412387
2412388
2412390
2412393
2412397
2412398
2412403
2412409
2412411
2412413
2412415
2412419
2412420
2412424
2412425
2412426
2412430
2412431
2412434
2412435
2412436
2412442
2412443
2412444
2412446
2412450
2412461
2412465
2412468
2412470
2412475
2412476
2412477
2412479
2412480
2412482
2412489
2412491
2412492
2412495
2412496
2412498
2412502
2412509
2412512
2412518
2412519
2412527
2412532
2412534
2412535
2412540
2412547
2412548
2412549
2412550
2412552
2412553
2412559
2412561
2412568
2412570
2412571
2412575
2412579
2412580
2412582
2412583
2412589
2412591
2412593
2412595
2412597
2412599
2412603
2412606
2412609
2412610
2412612
2412616
2412619
2412622
2412623
2412630
2412633
2412636
2412641
2412643
2412644
2412645
2412647
2412649
2412655
2412657
2412658
2412660
2412661
2412663
2412665
2412668
2412669
2412670
2412672
2412673
2412674
2412679
2412685
2412686
2412688
2412689
2412692
2412694
2412695
2412696
2412698
2412700
2412701
2412703
2412705
2412711
2412712
2412713
2412721
2412723
2412724
2412725
2412727
2412730
2412731
2412735
2412737
2412738
2412741
2412746
2412747
2412755
2412756
2412759
2412760
2412761
2412762
2412763
2412765
2412779
2412782
2412787
2412788
2412791
2412793
2412796
2412797
2412798
2412800
2412807
2412813
2412814
2412815
2412817
2412823
2412824
2412825
2412826
2412827
2412828
2412830
2412831
2412835
2412836
2412838
2412839
2412841
2412842
2412848
2412849
2412850
2412852
2412856
2412859
2412860
2412861
2412863
2412866
2412867
2412868
2412869
2412875
2412876
2412878
2412879
2412880
2412881
2412882
2412884
2412885
2412887
2412892
2412893
2412895
2412899
2412901
2412904
2412906
2412907
2412908
2412915
2412916
2412917
2412921
2412924
2412928
2412934
2412935
2412937
2412939
2412940
2412942
2412946
2412948
2412950
2412952
2412953
2412954
2412955
2412961
2412963
2412967
2412971
2412972
2412977
2412978
2412979
2412980
2412985
2412988
2412989
2412991
2412992
2412996
2413003
2413004
2413005
2413009
2413011
2413012
2413013
2413016
2413017
2413025
2413033
2413038
2413041
2413042
2413046
2413047
2413048
2413056
2413061
2413062
2413068
2413077
2413079
2413080
2413081
2413083
2413084
2413096
2413098
2413100
2413102
2413103
2413105
2413106
2413108
2413109
2413111
2413112
2413116
2413117
2413119
2413120
2413123
2413124
2413127
2413128
2413129
2413135
2413137
2413140
2413141
2413143
2413147
2413148
2413149
2413152
2413155
2413162
2413163
2413164
2413169
2413170
2413173
2413175
2413180
2413181
2413189
2413191
2413192
2413193
2413195
2413196
2413197
2413201
2413202
2413204
2413205
2413206
2413212
2413213
2413214
2413216
2413220
2413222
2413227
2413228
2413231
2413235
2413237
2413242
2413244
2413248
2413253
2413255
2413257
2413258
2413262
2413266
2413268
2413271
2413273
2413274
2413279
2413284
2413286
2413287
2413290
2413291
2413292
2413294
2413295
2413298
2413302
2413304
2413305
2413308
2413312
2413313
2413314
2413315
2413317
2413319
2413324
2413325
2413328
2413330
2413331
2413332
2413335
2413338
2413342
2413343
2413345
2413347
2413354
2413356
2413360
2413366
2413367
2413370
2413375
2413376
2413381
2413384
2413386
2413391
2413393
2413396
2413400
2413403
2413408
2413409
2413411
2413421
2413422
2413432
2413437
2413438
2413439
2413440
2413441
2413442
2413447
2413449
2413451
2413453
2413455
2413462
2413463
2413464
2413467
2413468
2413469
2413473
2413474
2413476
2413477
2413479
2413480
2413481
2413484
2413485
2413486
2413490
2413492
2413494
2413497
2413499
2413502
2413503
2413507
2413508
2413509
2413510
2413511
2413515
2413516
2413518
2413519
2413520
2413523
2413527
2413528
2413534
2413535
2413537
2413542
2413543
2413544
2413546
2413547
2413548
2413552
2413559
2413560
2413561
2413565
2413568
2413569
2413571
2413572
2413573
2413574
2413575
2413583
2413584
2413586
2413587
2413589
2413591
2413595
2413599
2413603
2413604
2413605
2413609
2413613
2413614
2413615
2413617
2413619
2413621
2413624
2413625
2413629
2413630
2413632
2413634
2413638
2413643
2413644
2413646
2413647
2413648
2413649
2413652
2413656
2413659
2413664
2413669
2413673
2413675
2413678
2413683
2413684
2413685
2413687
2413688
2413689
2413690
2413691
2413693
2413694
2413695
2413696
2413697
2413701
2413702
2413703
2413709
2413715
2413719
2413723
2413724
2413728
2413734
2413735
2413736
2413740
2413742
2413746
2413750
2413751
2413753
2413757
2413758
2413759
2413764
2413765
2413768
2413770
2413771
2413773
2413775
2413776
2413779
2413782
2413783
2413784
2413788
2413789
2413793
2413794
2413800
2413801
2413802
2413803
2413807
2413810
2413814
2413816
2413820
2413821
2413822
2413823
2413824
2413825
2413827
2413828
2413829
2413830
2413833
2413834
2413836
2413837
2413838
2413845
2413846
2413847
2413851
2413852
2413853
2413856
2413859
2413863
2413864
2413884
2413885
2413886
2413888
2413890
2413891
2413892
2413897
2413900
2413901
2413902
2413903
2413904
2413906
2413909
2413910
2413911
2413914
2413916
2413917
2413918
2413920
2413922
2413928
2413929
2413930
2413933
2413936
2413940
2413942
2413945
2413948
2413949
2413950
2413951
2413952
2413953
2413955
2413956
2413958
2413960
2413961
2413962
2413963
2413967
2413974
2413976
2413977
2413979
2413980
2413984
2413985
2413989
2413991
2413993
2413994
2413999
2414001
2414004
2414005
2414006
2414009
2414013
2414014
2414017
2414020
2414021
2414022
2414023
2414029
2414033
2414041
2414042
2414043
2414044
2414045
2414047
2414048
2414050
2414051
2414053
2414056
2414058
2414060
2414063
2414069
2414071
2414072
2414073
2414075
2414077
2414083
2414084
2414087
2414089
2414091
2414093
2414095
2414099
2414103
2414105
2414109
2414111
2414113
2414115
2414118
2414119
2414122
2414123
2414124
2414131
2414138
2414139
2414140
2414141
2414144
2414145
2414149
2414150
2414155
2414158
2414159
2414166
2414167
2414171
2414173
2414174
2414175
2414176
2414178
2414179
2414180
2414181
2414183
2414185
2414190
2414197
2414198
2414201
2414202
2414208
2414211
2414212
2414214
2414215
2414216
2414217
2414219
2414221
2414227
2414229
2414230
2414237
2414238
2414241
2414242
2414243
2414245
2414251
2414252
2414258
2414263
2414265
2414266
2414269
2414270
2414274
2414275
2414279
2414280
2414281
2414285
2414286
2414287
2414288
2414291
2414294
2414298
2414304
2414307
2414308
2414320
2414324
2414326
2414331
2414332
2414333
2414334
2414335
2414339
2414340
2414341
2414343
2414347
2414351
2414353
2414354
2414355
2414357
2414359
2414363
2414366
2414370
2414374
2414378
2414380
2414382
2414385
2414387
2414391
2414392
2414397
2414398
2414402
2414405
2414406
2414408
2414409
2414411
2414412
2414413
2414415
2414418
2414419
2414421
2414423
2414430
2414431
2414435
2414438
2414439
2414441
2414443
2414446
2414447
2414452
2414453
2414456
2414458
2414459
2414461
2414463
2414464
2414469
2414470
2414473
2414480
2414482
2414483
2414488
2414489
2414493
2414494
2414495
2414496
2414497
2414500
2414501
2414504
2414506
2414509
2414512
2414514
2414515
2414516
2414523
2414536
2414538
2414542
2414543
2414548
2414552
2414554
2414556
2414560
2414565
2414567
2414569
2414570
2414575
2414576
2414577
2414580
2414584
2414585
2414587
2414588
2414591
2414597
2414600
2414601
2414605
2414606
2414608
2414613
2414618
2414621
2414622
2414626
2414629
2414633
2414636
2414639
2414642
2414643
2414644
2414646
2414650
2414652
2414655
2414657
2414658
2414662
2414665
2414668
2414676
2414677
2414680
2414683
2414685
2414690
2414691
2414692
2414694
2414700
2414701
2414702
2414706
2414708
2414713
2414715
2414716
2414717
2414718
2414720
2414722
2414723
2414724
2414727
2414729
2414731
2414738
2414739
2414740
2414741
2414743
2414746
2414752
2414753
2414761
2414763
2414766
2414767
2414768
2414770
2414771
2414772
2414779
2414781
2414784
2414785
2414790
2414792
2414793
2414796
2414798
2414803
2414804
2414806
2414808
2414810
2414815
2414817
2414818
2414822
2414829
2414834
2414838
2414839
2414841
2414843
2414845
2414847
2414848
2414849
2414851
2414854
2414859
2414861
2414863
2414867
2414871
2414872
2414873
2414876
2414877
2414879
2414882
2414883
2414886
2414888
2414889
2414891
2414892
2414893
2414894
2414896
2414897
2414900
2414903
2414906
2414912
2414914
2414915
2414916
2414920
2414923
2414931
2414933
2414934
2414936
2414942
2414945
2414947
2414949
2414954
2414955
2414960
2414961
2414965
2414970
2414972
2414973
2414974
2414975
2414980
2414985
2414988
2414992
2414994
2414995
2414997
2414998
2414999
2415003
2415005
2415011
2415013
2415016
2415018
2415019
2415021
2415022
2415025
2415030
2415032
2415034
2415035
2415038
2415040
2415041
2415043
2415044
2415047
2415049
2415051
2415064
2415065
2415066
2415067
2415069
2415070
2415071
2415074
2415075
2415077
2415080
2415082
2415088
2415092
2415096
2415103
2415106
2415107
2415108
2415109
2415112
2415116
2415118
2415120
2415123
2415125
2415126
2415127
2415129
2415130
2415131
2415132
2415138
2415139
2415140
2415141
2415143
2415146
2415149
2415151
2415152
2415153
2415154
2415158
2415159
2415160
2415161
2415167
2415168
2415170
2415171
2415174
2415175
2415177
2415180
2415181
2415183
2415186
2415189
2415197
2415200
2415210
2415211
2415219
2415221
2415222
2415223
2415227
2415230
2415232
2415235
2415237
2415238
2415239
2415242
2415244
2415245
2415246
2415248
2415253
2415258
2415261
2415266
2415267
2415269
2415272
2415275
2415276
2415280
2415284
2415286
2415291
2415292
2415293
2415296
2415298
2415300
2415301
2415302
2415303
2415307
2415308
2415315
2415317
2415318
2415319
2415326
2415328
2415330
2415332
2415335
2415337
2415339
2415340
2415342
2415344
2415346
2415347
2415348
2415349
2415350
2415356
2415358
2415359
2415360
2415361
2415362
2415370
2415375
2415377
2415380
2415383
2415384
2415385
2415386
2415387
2415393
2415394
2415396
2415398
2415399
2415403
2415407
2415413
2415415
2415416
2415425
2415431
2415436
2415439
2415442
2415443
2415444
2415445
2415446
2415447
2415450
2415458
2415461
2415470
2415473
2415475
2415476
2415478
2415480
2415481
2415486
2415487
2415489
2415490
2415492
2415493
2415494
2415495
2415500
2415501
2415505
2415506
2415508
2415509
2415511
2415512
2415519
2415522
2415523
2415526
2415528
2415531
2415533
2415534
2415536
2415537
2415542
2415543
2415546
2415548
2415550
2415551
2415552
2415554
2415555
2415556
2415561
2415562
2415563
2415565
2415570
2415572
2415573
2415578
2415579
2415581
2415585
2415592
2415594
2415595
2415596
2415597
2415602
2415603
2415604
2415605
2415610
2415611
2415612
2415615
2415617
2415619
2415622
2415629
2415632
2415634
2415636
2415639
2415640
2415643
2415644
2415646
2415647
2415650
2415652
2415660
2415667
2415668
2415669
2415672
2415673
2415675
2415677
2415682
2415685
2415687
2415690
2415693
2415695
2415696
2415698
2415700
2415701
2415702
2415707
2415711
2415713
2415714
2415715
2415717
2415718
2415723
2415724
2415726
2415727
2415728
2415729
2415741
2415744
2415749
2415752
2415757
2415758
2415760
2415761
2415762
2415766
2415768
2415770
2415771
2415773
2415774
2415777
2415779
2415781
2415782
2415786
2415788
2415789
2415792
2415793
2415795
2415800
2415802
2415804
2415805
2415806
2415808
2415812
2415818
2415819
2415820
2415822
2415824
2415825
2415827
2415829
2415838
2415840
2415847
2415849
2415851
2415854
2415859
2415860
2415861
2415862
2415864
2415868
2415870
2415871
2415873
2415874
2415875
2415876
2415878
2415879
2415880
2415881
2415883
2415884
2415886
2415887
2415890
2415895
2415897
2415902
2415903
2415905
2415907
2415909
2415910
2415914
2415915
2415916
2415917
2415919
2415920
2415921
2415922
2415923
2415927
2415930
2415933
2415935
2415937
2415938
2415940
2415941
2415942
2415943
2415944
2415946
2415947
2415948
2415949
2415950
2415951
2415953
2415956
2415959
2415960
2415963
2415964
2415966
2415969
2415970
2415972
2415974
2415975
2415977
2415979
2415981
2415982
2415987
2415991
2415996
2415997
2415999
2416000
2416001
2416002
2416005
2416007
2416012
2416013
2416014
2416015
2416016
2416018
2416020
2416022
2416024
2416025
2416028
2416030
2416032
2416035
2416036
2416038
2416040
2416044
2416045
2416046
2416049
2416051
2416052
2416053
2416055
2416056
2416066
2416068
2416072
2416075
2416079
2416080
2416085
2416087
2416089
2416096
2416097
2416099
2416102
2416104
2416108
2416113
2416115
2416116
2416117
2416120
2416123
2416124
2416126
2416127
2416129
2416139
2416142
2416145
2416146
2416148
2416150
2416151
2416152
2416153
2416154
2416158
2416160
2416170
2416171
2416172
2416175
2416180
2416187
2416188
2416192
2416194
2416196
2416202
2416203
2416205
2416207
2416210
2416213
2416219
2416225
2416227
2416229
2416231
2416235
2416236
2416243
2416246
2416249
2416251
2416252
2416254
2416256
2416257
2416262
2416267
2416270
2416271
2416272
2416273
2416274
2416276
2416282
2416284
2416285
2416286
2416288
2416295
2416296
2416297
2416300
2416301
2416302
2416303
2416305
2416306
2416310
2416311
2416312
2416313
2416316
2416318
2416319
2416320
2416324
2416326
2416327
2416329
2416331
2416332
2416334
2416335
2416344
2416345
2416346
2416347
2416350
2416354
2416355
2416363
2416365
2416368
2416372
2416374
2416375
2416377
2416379
2416380
2416382
2416383
2416384
2416390
2416391
2416395
2416396
2416397
2416402
2416406
2416409
2416411
2416415
2416416
2416419
2416423
2416426
2416428
2416429
2416431
2416433
2416435
2416438
2416439
2416442
2416443
2416444
2416447
2416448
2416453
2416454
2416456
2416458
2416461
2416465
2416467
2416468
2416469
2416472
2416473
2416474
2416477
2416480
2416481
2416484
2416487
2416489
2416490
2416491
2416496
2416497
2416499
2416500
2416501
2416503
2416505
2416510
2416511
2416515
2416516
2416517
2416519
2416521
2416523
2416524
2416527
2416530
2416531
2416532
2416533
2416538
2416541
2416543
2416544
2416547
2416551
2416552
2416558
2416559
2416562
2416563
2416569
2416571
2416572
2416573
2416576
2416579
2416580
2416581
2416583
2416585
2416589
2416590
2416593
2416597
2416598
2416599
2416600
2416601
2416613
2416614
2416616
2416617
2416622
2416623
2416625
2416626
2416628
2416633
2416634
2416639
2416640
2416642
2416646
2416649
2416650
2416651
2416653
2416657
2416658
2416660
2416661
2416663
2416665
2416667
2416675
2416688
2416689
2416699
2416700
2416704
2416708
2416713
2416714
2416717
2416718
2416719
2416720
2416723
2416724
2416725
2416726
2416731
2416732
2416735
2416737
2416741
2416743
2416744
2416745
2416746
2416753
2416757
2416761
2416764
2416767
2416769
2416771
2416773
2416774
2416781
2416782
2416783
2416784
2416788
2416791
2416800
2416806
2416807
2416808
2416813
2416814
2416817
2416822
2416825
2416826
2416828
2416829
2416834
2416840
2416843
2416846
2416850
2416851
2416852
2416853
2416855
2416856
2416860
2416865
2416867
2416868
2416869
2416870
2416872
2416878
2416880
2416881
2416883
2416884
2416885
2416886
2416888
2416895
2416897
2416899
2416903
2416907
2416911
2416912
2416917
2416918
2416920
2416922
2416925
2416927
2416929
2416930
2416932
2416936
2416937
2416939
2416941
2416942
2416944
2416950
2416951
2416953
2416955
2416956
2416957
2416960
2416962
2416965
2416966
2416967
2416968
2416972
2416973
2416974
2416975
2416978
2416979
2416980
2416985
2416988
2416989
2416990
2416996
2417002
2417003
2417005
2417014
2417015
2417016
2417018
2417020
2417023
2417024
2417025
2417030
2417031
2417032
2417035
2417036
2417038
2417042
2417043
2417044
2417045
2417047
2417048
2417049
2417053
2417056
2417059
2417066
2417070
2417072
2417075
2417078
2417083
2417085
2417086
2417088
2417089
2417090
2417093
2417094
2417095
2417096
2417098
2417101
2417104
2417105
2417106
2417107
2417109
2417111
2417113
2417118
2417119
2417120
2417121
2417124
2417128
2417129
2417130
2417131
2417133
2417134
2417135
2417136
2417138
2417140
2417141
2417145
2417146
2417147
2417152
2417154
2417157
2417160
2417161
2417162
2417165
2417167
2417168
2417169
2417171
2417174
2417180
2417181
2417182
2417186
2417188
2417191
2417192
2417195
2417196
2417197
2417201
2417202
2417206
2417207
2417208
2417215
2417216
2417220
2417224
2417225
2417226
2417234
2417236
2417237
2417240
2417242
2417248
2417251
2417255
2417257
2417258
2417259
2417260
2417261
2417263
2417264
2417267
2417271
2417272
2417276
2417277
2417278
2417280
2417281
2417283
2417284
2417287
2417288
2417289
2417290
2417291
2417292
2417300
2417301
2417311
2417314
2417316
2417317
2417319
2417322
2417326
2417328
2417329
2417330
2417333
2417335
2417337
2417338
2417339
2417341
2417342
2417343
2417345
2417350
2417352
2417355
2417359
2417362
2417374
2417375
2417379
2417383
2417384
2417385
2417388
2417391
2417393
2417396
2417397
2417398
2417401
2417405
2417409
2417410
2417411
2417412
2417414
2417415
2417416
2417417
2417421
2417423
2417424
2417428
2417429
2417435
2417436
2417438
2417439
2417442
2417444
2417448
2417477
2417480
2417481
2417487
2417489
2417490
2417491
2417493
2417498
2417500
2417503
2417506
2417507
2417511
2417514
2417515
2417519
2417520
2417522
2417523
2417524
2417525
2417527
2417530
2417532
2417534
2417537
2417538
2417540
2417542
2417544
2417545
2417546
2417548
2417552
2417553
2417556
2417560
2417561
2417565
2417569
2417575
2417580
2417582
2417583
2417588
2417590
2417591
2417596
2417599
2417603
2417605
2417607
2417608
2417609
2417611
2417613
2417614
2417616
2417621
2417622
2417627
2417633
2417640
2417647
2417649
2417650
2417652
2417654
2417660
2417661
2417667
2417668
2417669
2417673
2417680
2417681
2417682
2417686
2417688
2417691
2417694
2417710
2417712
2417714
2417719
2417720
2417721
2417723
2417727
2417728
2417729
2417730
2417732
2417733
2417735
2417743
2417747
2417748
2417749
2417750
2417753
2417755
2417756
2417757
2417759
2417768
2417770
2417771
2417773
2417775
2417777
2417778
2417779
2417780
2417781
2417785
2417786
2417787
2417788
2417792
2417793
2417794
2417797
2417799
2417800
2417801
2417806
2417811
2417813
2417814
2417820
2417829
2417832
2417834
2417840
2417842
2417844
2417845
2417847
2417848
2417851
2417853
2417854
2417855
2417859
2417864
2417865
2417873
2417878
2417880
2417881
2417882
2417887
2417888
2417900
2417902
2417904
2417905
2417906
2417907
2417912
2417913
2417918
2417920
2417922
2417923
2417928
2417929
2417931
2417935
2417938
2417940
2417941
2417946
2417947
2417949
2417950
2417951
2417954
2417962
2417963
2417964
2417965
2417966
2417967
2417969
2417971
2417974
2417975
2417979
2417982
2417983
2417991
2417992
2417993
2417994
285603
285604
285608
285611
285612
285614
285615
285618
285620
285621
285628
285629
285633
285641
285642
285643
285645
285646
285649
285650
285652
285653
285656
285661
285666
285667
285668
285670
285671
285673
285674
285676
285677
285683
285684
285685
285686
285688
285691
285692
285693
285694
285697
285700
285702
285704
285706
285709
285711
285714
285715
285716
285719
285720
285722
285724
285726
285730
285734
285737
285738
285740
285741
285744
285747
285748
285751
285752
285754
285757
285759
285762
285763
285766
285768
285769
285770
285774
285776
285780
285781
285782
285785
285787
285788
285792
285799
285800
285804
285807
285809
285814
285815
285818
285822
285832
285833
285834
285838
285839
285840
285842
285844
285847
285849
285851
285855
285859
285862
285867
285871
285872
285874
285876
285878
285884
285887
285890
285892
285898
285899
285902
285904
285905
285908
285909
285910
285913
285917
285920
285923
285925
285928
285929
285930
285931
285933
285934
285936
285937
285942
285944
285945
285948
285949
285951
285955
285957
285959
285962
285968
285970
285976
285980
285984
285987
285994
285995
285997
286001
286002
286007
286010
286011
286013
286015
286017
286018
286020
286027
286032
286034
286037
286040
286047
286049
286051
286056
286057
286058
286061
286062
286063
286065
286066
286067
286069
286070
286071
286074
286076
286077
286082
286083
286084
286085
286089
286091
286095
286097
286098
286100
497915
497916
497917
497918
497923
497924
497926
497927
497928
497931
497934
497936
497937
497939
497946
497947
497949
497950
497951
497956
497957
497958
497964
497967
497968
497971
497972
497974
497979
497982
497985
497986
497993
498007
498008
498010
498013
498014
498015
498017
498018
498021
498022
498024
498025
498026
498027
498029
498030
498032
498035
498037
498042
498047
498048
498050
498058
498059
498061
498062
498063
498064
498065
498067
498072
498074
498077
498079
498082
498088
498091
498092
498093
498096
498097
498099
498101
498105
498107
498108
498110
498111
498112
498114
498115
498119
498126
498128
498132
498134
498140
498143
498145
498146
498147
498149
498151
498152
498153
498155
498156
498158
498159
498161
498162
498163
498170
498172
498175
498177
498178
498179
498180
498182
498192
498196
498197
498198
498199
498202
498203
498207
498210
498215
498221
498223
498226
498227
498229
498232
498233
498235
498237
498240
498241
498244
498252
498253
498257
498258
498262
498263
498267
498269
498271
498273
498274
498275
498279
498280
498281
498282
498286
498299
498300
498301
498302
498304
498305
498306
498309
498320
498321
498322
498323
498326
498327
498333
498335
498336
498337
498338
498339
498340
498344
498346
498347
498348
498351
498352
498356
498360
498361
498362
498363
498365
498370
498372
498375
498379
498381
498384
498388
498389
498391
498393
498395
498396
498398
498399
498403
498405
498408
498411
61512
61514
61517
61518
61520
61522
61524
61528
61529
61531
61534
61537
61539
61540
61543
61548
61550
61554
61555
61557
61559
61562
61563
61566
61567
61571
61574
61578
61584
61590
61595
61599
61600
61601
61604
61605
61606
61609
61610
712951
712952
712953
712961
712963
712964
712965
712969
712971
712972
712975
712977
712985
712988
712991
712992
712993
712996
712997
712999
713000
713001
713003
713005
713006
713007
713008
713012
713013
713014
713015
713017
713020
713021
713022
713024
713028
713030
713032
713035
713037
713039
713041
713042
713045
713046
713051
713052
713054
713060
713061
713063
713066
713069
713071
713075
713076
713079
713080
713086
713089
713093
713095
713097
713101
713106
713111
713112
713119
713120
713121
713125
713130
713132
713133
713134
713135
713140
713142
713143
713144
713146
713151
713155
713157
713173
713174
713175
713176
713178
713181
713183
713186
713187
713189
713191
713192
713194
713197
713198
713199
713201
713202
713204
713205
713206
713207
713209
713211
713213
713214
713215
713221
713222
713224
713227
713228
713229
713230
713231
713235
713241
713245
713246
713250
713252
713253
713254
713255
713259
713262
713265
713266
713267
713273
713274
713279
713282
713285
713287
713288
713292
713293
713297
713300
713302
713306
713308
713309
713311
713312
713315
713320
713321
713324
713327
713328
713329
713330
713336
713346
713348
713349
713351
713354
713355
713359
713360
713362
713366
713367
713368
713369
713373
713376
713379
713381
713389
713391
713392
713393
713396
713398
713404
713405
713406
713407
713408
713409
713418
713421
713424
713425
713426
713433
713434
713435
713437
713438
713439
713442
713443
713444
713445
713446
713449
713450
713452
713454
713455
713456
713457
713458
713461
713462
713464
713466
713467
713468
713471
713474
713479
713480
713481
713482
713484
713485
713486
713494
713496
713497
713498
713501
713502
713505
713509
713511
713513
713515
713516
713518
713519
713523
713528
713532
713533
713534
713536
713539
713541
713542
713544
713545
713555
713556
713558
713561
713566
713568
713570
713571
713582
713585
713590
713591
713593
713595
713601
713602
713604
713607
713611
713612
713613
713614
713617
713620
713621
713623
713627
713631
713633
713636
713639
713642
713643
713644
713645
713646
713648
713650
713651
713652
713653
713655
713659
713662
713665
713666
713667
713674
713682
713684
713685
713688
713690
713692
713695
713696
713700
713702
713705
713706
713707
713708
713710
713711
713714
713718
713719
713723
713725
713728
713730
713733
713742
713743
713748
713749
713754
713757
713758
713759
713760
713761
713762
713765
713769
713770
713777
713778
713779
713781
713786
713788
713790
713793
713794
713796
713797
713806
713807
713808
713809
713815
713818
713820
713821
713826
713827
713829
713836
713837
713842
713845
713846
713849
713851
713853
713854
713863
713864
713865
713866
713869
713872
713873
713876
713880
713886
713888
713894
713896
713900
713901
713903
713904
713911
713913
713914
713918
713919
713920
713921
713923
713925
713927
713929
713930
713935
713942
713944
